2025-09-09 19:54:31,147 INFO: Sistema Distribuidor iniciado [in /home/osn/Documentos/SistemaDistribuidor/services/logging_service.py:42]
2025-09-09 19:54:32,713 INFO: Sistema Distribuidor iniciado [in /home/osn/Documentos/SistemaDistribuidor/services/logging_service.py:42]
2025-09-09 19:55:41,697 INFO: Sistema Distribuidor iniciado [in /home/osn/Documentos/SistemaDistribuidor/services/logging_service.py:42]
2025-09-09 20:04:32,942 INFO: Sistema Distribuidor iniciado [in /home/osn/Documentos/SistemaDistribuidor/services/logging_service.py:42]
2025-09-09 20:04:38,781 INFO: Sistema Distribuidor iniciado [in /home/osn/Documentos/SistemaDistribuidor/services/logging_service.py:42]
2025-09-09 20:05:00,783 INFO: Sistema Distribuidor iniciado [in /home/osn/Documentos/SistemaDistribuidor/services/logging_service.py:42]
2025-09-09 20:05:01,762 INFO: Sistema Distribuidor iniciado [in /home/osn/Documentos/SistemaDistribuidor/services/logging_service.py:42]
2025-09-09 20:05:01,762 INFO: Sistema Distribuidor iniciado [in /home/osn/Documentos/SistemaDistribuidor/services/logging_service.py:42]
2025-09-09 20:05:53,431 INFO: Sistema Distribuidor iniciado [in /home/osn/Documentos/SistemaDistribuidor/services/logging_service.py:42]
2025-09-09 20:06:16,541 INFO: Sistema Distribuidor iniciado [in /home/osn/Documentos/SistemaDistribuidor/services/logging_service.py:42]
2025-09-09 20:10:57,569 INFO: Sistema Distribuidor iniciado [in /home/osn/Documentos/SistemaDistribuidor/services/logging_service.py:42]
2025-09-09 20:11:13,431 INFO: Sistema Distribuidor iniciado [in /home/osn/Documentos/SistemaDistribuidor/services/logging_service.py:42]
2025-09-09 20:11:18,214 INFO: Sistema Distribuidor iniciado [in /home/osn/Documentos/SistemaDistribuidor/services/logging_service.py:42]
2025-09-09 20:11:58,005 INFO: Sistema Distribuidor iniciado [in /home/osn/Documentos/SistemaDistribuidor/services/logging_service.py:42]
2025-09-09 20:14:17,225 INFO: Sistema Distribuidor iniciado [in /home/osn/Documentos/SistemaDistribuidor/services/logging_service.py:42]
2025-09-09 20:14:18,602 INFO: Sistema Distribuidor iniciado [in /home/osn/Documentos/SistemaDistribuidor/services/logging_service.py:42]
2025-09-09 20:14:41,559 INFO: Sistema Distribuidor iniciado [in /home/osn/Documentos/SistemaDistribuidor/services/logging_service.py:42]
2025-09-09 20:18:30,833 INFO: Sistema Distribuidor iniciado [in /home/osn/Documentos/SistemaDistribuidor/services/logging_service.py:42]
2025-09-09 20:18:32,126 INFO: Sistema Distribuidor iniciado [in /home/osn/Documentos/SistemaDistribuidor/services/logging_service.py:42]
2025-09-09 20:34:37,466 INFO: Sistema Distribuidor iniciado [in /home/osn/Documentos/SistemaDistribuidor/services/logging_service.py:42]
2025-09-09 20:34:48,450 INFO: Sistema Distribuidor iniciado [in /home/osn/Documentos/SistemaDistribuidor/services/logging_service.py:42]
2025-09-09 20:48:27,124 INFO: Sistema Distribuidor iniciado [in /home/osn/Documentos/SistemaDistribuidor/services/logging_service.py:42]
2025-09-09 20:48:28,116 INFO: Sistema Distribuidor iniciado [in /home/osn/Documentos/SistemaDistribuidor/services/logging_service.py:42]
2025-09-09 20:48:28,116 INFO: Sistema Distribuidor iniciado [in /home/osn/Documentos/SistemaDistribuidor/services/logging_service.py:42]
2025-09-09 20:48:34,623 INFO: Sistema Distribuidor iniciado [in /home/osn/Documentos/SistemaDistribuidor/services/logging_service.py:42]
2025-09-09 20:48:41,447 INFO: Sistema Distribuidor iniciado [in /home/osn/Documentos/SistemaDistribuidor/services/logging_service.py:42]
2025-09-09 20:48:45,168 INFO: Sistema Distribuidor iniciado [in /home/osn/Documentos/SistemaDistribuidor/services/logging_service.py:42]
2025-09-09 20:48:47,872 INFO: Sistema Distribuidor iniciado [in /home/osn/Documentos/SistemaDistribuidor/services/logging_service.py:42]
2025-09-09 20:48:53,626 INFO: Sistema Distribuidor iniciado [in /home/osn/Documentos/SistemaDistribuidor/services/logging_service.py:42]
2025-09-09 20:48:56,338 INFO: Sistema Distribuidor iniciado [in /home/osn/Documentos/SistemaDistribuidor/services/logging_service.py:42]
2025-09-09 20:48:59,216 INFO: Sistema Distribuidor iniciado [in /home/osn/Documentos/SistemaDistribuidor/services/logging_service.py:42]
2025-09-09 20:49:03,157 INFO: Sistema Distribuidor iniciado [in /home/osn/Documentos/SistemaDistribuidor/services/logging_service.py:42]
2025-09-09 20:49:04,150 INFO: Sistema Distribuidor iniciado [in /home/osn/Documentos/SistemaDistribuidor/services/logging_service.py:42]
2025-09-09 20:49:04,150 INFO: Sistema Distribuidor iniciado [in /home/osn/Documentos/SistemaDistribuidor/services/logging_service.py:42]
2025-09-09 20:49:12,050 INFO: Sistema Distribuidor iniciado [in /home/osn/Documentos/SistemaDistribuidor/services/logging_service.py:42]
2025-09-09 20:49:14,946 INFO: Sistema Distribuidor iniciado [in /home/osn/Documentos/SistemaDistribuidor/services/logging_service.py:42]
2025-09-09 20:49:18,698 INFO: Sistema Distribuidor iniciado [in /home/osn/Documentos/SistemaDistribuidor/services/logging_service.py:42]
2025-09-09 20:49:22,492 INFO: Sistema Distribuidor iniciado [in /home/osn/Documentos/SistemaDistribuidor/services/logging_service.py:42]
2025-09-09 20:49:29,559 INFO: Sistema Distribuidor iniciado [in /home/osn/Documentos/SistemaDistribuidor/services/logging_service.py:42]
2025-09-09 20:49:30,554 INFO: Sistema Distribuidor iniciado [in /home/osn/Documentos/SistemaDistribuidor/services/logging_service.py:42]
2025-09-09 20:49:30,554 INFO: Sistema Distribuidor iniciado [in /home/osn/Documentos/SistemaDistribuidor/services/logging_service.py:42]
2025-09-09 20:51:26,157 INFO: Sistema Distribuidor iniciado [in /home/osn/Documentos/SistemaDistribuidor/services/logging_service.py:42]
2025-09-09 20:51:31,999 INFO: Sistema Distribuidor iniciado [in /home/osn/Documentos/SistemaDistribuidor/services/logging_service.py:42]
2025-09-09 20:51:35,654 INFO: Sistema Distribuidor iniciado [in /home/osn/Documentos/SistemaDistribuidor/services/logging_service.py:42]
2025-09-09 20:52:30,255 INFO: Sistema Distribuidor iniciado [in /home/osn/Documentos/SistemaDistribuidor/services/logging_service.py:42]
2025-09-09 20:53:17,563 INFO: Sistema Distribuidor iniciado [in /home/osn/Documentos/SistemaDistribuidor/services/logging_service.py:42]
2025-09-09 20:53:52,863 INFO: Sistema Distribuidor iniciado [in /home/osn/Documentos/SistemaDistribuidor/services/logging_service.py:42]
2025-09-09 20:57:02,374 INFO: Sistema Distribuidor iniciado [in /home/osn/Documentos/SistemaDistribuidor/services/logging_service.py:42]
2025-09-09 20:58:03,254 INFO: Sistema Distribuidor iniciado [in /home/osn/Documentos/SistemaDistribuidor/services/logging_service.py:42]
2025-09-09 21:06:16,986 INFO: Sistema Distribuidor iniciado [in /home/osn/Documentos/SistemaDistribuidor/services/logging_service.py:42]
2025-09-09 21:06:32,890 INFO: Sistema Distribuidor iniciado [in /home/osn/Documentos/SistemaDistribuidor/services/logging_service.py:42]
2025-09-09 21:06:41,935 INFO: Sistema Distribuidor iniciado [in /home/osn/Documentos/SistemaDistribuidor/services/logging_service.py:42]
2025-09-09 21:06:46,840 INFO: Sistema Distribuidor iniciado [in /home/osn/Documentos/SistemaDistribuidor/services/logging_service.py:42]
2025-09-09 21:07:00,367 INFO: Sistema Distribuidor iniciado [in /home/osn/Documentos/SistemaDistribuidor/services/logging_service.py:42]
2025-09-09 21:07:13,651 INFO: Sistema Distribuidor iniciado [in /home/osn/Documentos/SistemaDistribuidor/services/logging_service.py:42]
2025-09-09 21:07:18,095 INFO: Sistema Distribuidor iniciado [in /home/osn/Documentos/SistemaDistribuidor/services/logging_service.py:42]
2025-09-09 21:13:17,641 INFO: Sistema Distribuidor iniciado [in /home/osn/Documentos/SistemaDistribuidor/services/logging_service.py:42]
2025-09-09 21:13:18,912 INFO: Sistema Distribuidor iniciado [in /home/osn/Documentos/SistemaDistribuidor/services/logging_service.py:42]
2025-09-09 21:13:18,912 INFO: Sistema Distribuidor iniciado [in /home/osn/Documentos/SistemaDistribuidor/services/logging_service.py:42]
2025-09-09 21:13:25,495 INFO: Sistema Distribuidor iniciado [in /home/osn/Documentos/SistemaDistribuidor/services/logging_service.py:42]
2025-09-09 21:13:26,634 INFO: Sistema Distribuidor iniciado [in /home/osn/Documentos/SistemaDistribuidor/services/logging_service.py:42]
2025-09-09 21:13:26,634 INFO: Sistema Distribuidor iniciado [in /home/osn/Documentos/SistemaDistribuidor/services/logging_service.py:42]
2025-09-09 21:13:44,385 INFO: Sistema Distribuidor iniciado [in /home/osn/Documentos/SistemaDistribuidor/services/logging_service.py:42]
2025-09-10 01:03:39,842 INFO: Sistema Distribuidor iniciado [in /home/osn/Documentos/SistemaDistribuidor/services/logging_service.py:42]
2025-09-10 01:03:41,070 INFO: Sistema Distribuidor iniciado [in /home/osn/Documentos/SistemaDistribuidor/services/logging_service.py:42]
2025-09-10 20:32:30,823 INFO: Sistema Distribuidor iniciado [in /home/osn/Documentos/SistemaDistribuidor/services/logging_service.py:42]
2025-09-10 20:32:32,579 INFO: Sistema Distribuidor iniciado [in /home/osn/Documentos/SistemaDistribuidor/services/logging_service.py:42]
2025-09-10 20:52:54,852 INFO: Sistema Distribuidor iniciado [in /home/osn/Documentos/SistemaDistribuidor/services/logging_service.py:42]
2025-09-10 20:53:32,861 INFO: Sistema Distribuidor iniciado [in /home/osn/Documentos/SistemaDistribuidor/services/logging_service.py:42]
2025-09-10 20:53:35,371 INFO: Sistema Distribuidor iniciado [in /home/osn/Documentos/SistemaDistribuidor/services/logging_service.py:42]
2025-09-10 20:53:47,430 INFO: Sistema Distribuidor iniciado [in /home/osn/Documentos/SistemaDistribuidor/services/logging_service.py:42]
2025-09-10 20:53:48,617 INFO: Sistema Distribuidor iniciado [in /home/osn/Documentos/SistemaDistribuidor/services/logging_service.py:42]
2025-09-14 20:41:32,694 INFO: Sistema Distribuidor iniciado [in /home/osn/Documentos/SistemaDistribuidor/services/logging_service.py:42]
2025-09-14 20:41:35,450 INFO: Sistema Distribuidor iniciado [in /home/osn/Documentos/SistemaDistribuidor/services/logging_service.py:42]
2025-09-15 01:13:20,038 INFO: Sistema Distribuidor iniciado [in /home/runner/workspace/services/logging_service.py:42]
2025-09-15 01:13:57,827 INFO: Sistema Distribuidor iniciado [in /home/runner/workspace/services/logging_service.py:42]
2025-09-15 02:00:20,909 INFO: Sistema Distribuidor iniciado [in /home/runner/workspace/services/logging_service.py:42]
2025-09-15 02:02:25,273 INFO: Sistema Distribuidor iniciado [in /home/runner/workspace/services/logging_service.py:42]
2025-09-15 02:06:33,644 INFO: Sistema Distribuidor iniciado [in /home/runner/workspace/services/logging_service.py:42]
2025-09-15 02:06:38,270 ERROR: Exception on / [GET] [in /home/runner/workspace/.pythonlibs/lib/python3.11/site-packages/flask/app.py:875]
Traceback (most recent call last):
  File "/home/runner/workspace/.pythonlibs/lib/python3.11/site-packages/flask/app.py", line 1511, in wsgi_app
    response = self.full_dispatch_request()
               ^^^^^^^^^^^^^^^^^^^^^^^^^^^^
  File "/home/runner/workspace/.pythonlibs/lib/python3.11/site-packages/flask/app.py", line 919, in full_dispatch_request
    rv = self.handle_user_exception(e)
         ^^^^^^^^^^^^^^^^^^^^^^^^^^^^^
  File "/home/runner/workspace/.pythonlibs/lib/python3.11/site-packages/flask/app.py", line 917, in full_dispatch_request
    rv = self.dispatch_request()
         ^^^^^^^^^^^^^^^^^^^^^^^
  File "/home/runner/workspace/.pythonlibs/lib/python3.11/site-packages/flask/app.py", line 902, in dispatch_request
    return self.ensure_sync(self.view_functions[rule.endpoint])(**view_args)  # type: ignore[no-any-return]
           ^^^^^^^^^^^^^^^^^^^^^^^^^^^^^^^^^^^^^^^^^^^^^^^^^^^^^^^^^^^^^^^^^
  File "/home/runner/workspace/.pythonlibs/lib/python3.11/site-packages/flask_login/utils.py", line 290, in decorated_view
    return current_app.ensure_sync(func)(*args, **kwargs)
           ^^^^^^^^^^^^^^^^^^^^^^^^^^^^^^^^^^^^^^^^^^^^^^
  File "/home/runner/workspace/routes/dashboard.py", line 56, in index
    return render_template('dashboard/index.html',
           ^^^^^^^^^^^^^^^^^^^^^^^^^^^^^^^^^^^^^^^
  File "/home/runner/workspace/.pythonlibs/lib/python3.11/site-packages/flask/templating.py", line 150, in render_template
    return _render(app, template, context)
           ^^^^^^^^^^^^^^^^^^^^^^^^^^^^^^^
  File "/home/runner/workspace/.pythonlibs/lib/python3.11/site-packages/flask/templating.py", line 131, in _render
    rv = template.render(context)
         ^^^^^^^^^^^^^^^^^^^^^^^^
  File "/home/runner/workspace/.pythonlibs/lib/python3.11/site-packages/jinja2/environment.py", line 1295, in render
    self.environment.handle_exception()
  File "/home/runner/workspace/.pythonlibs/lib/python3.11/site-packages/jinja2/environment.py", line 942, in handle_exception
    raise rewrite_traceback_stack(source=source)
  File "/home/runner/workspace/templates/dashboard/index.html", line 1, in top-level template code
    {% extends "base.html" %}
  File "/home/runner/workspace/templates/base.html", line 149, in top-level template code
    {% block content %}{% endblock %}
    ^^^^^^^^^^^^^^^^^^^^^^^^^
  File "/home/runner/workspace/templates/dashboard/index.html", line 249, in block 'content'
    <small class="text-muted">{{ order.created_at.strftime('%d/%m/%Y %H:%M') }}</small>
    ^^^^^^^^^^^^^^^^^^^^^^^^^
  File "/home/runner/workspace/.pythonlibs/lib/python3.11/site-packages/jinja2/utils.py", line 92, in from_obj
    if hasattr(obj, "jinja_pass_arg"):
       ^^^^^^^^^^^^^^^^^^^^^^^^^^^^^^
jinja2.exceptions.UndefinedError: 'None' has no attribute 'strftime'
2025-09-15 02:07:29,070 INFO: Sistema Distribuidor iniciado [in /home/runner/workspace/services/logging_service.py:42]
2025-09-15 02:07:33,773 ERROR: Exception on / [GET] [in /home/runner/workspace/.pythonlibs/lib/python3.11/site-packages/flask/app.py:875]
Traceback (most recent call last):
  File "/home/runner/workspace/.pythonlibs/lib/python3.11/site-packages/flask/app.py", line 1511, in wsgi_app
    response = self.full_dispatch_request()
               ^^^^^^^^^^^^^^^^^^^^^^^^^^^^
  File "/home/runner/workspace/.pythonlibs/lib/python3.11/site-packages/flask/app.py", line 919, in full_dispatch_request
    rv = self.handle_user_exception(e)
         ^^^^^^^^^^^^^^^^^^^^^^^^^^^^^
  File "/home/runner/workspace/.pythonlibs/lib/python3.11/site-packages/flask/app.py", line 917, in full_dispatch_request
    rv = self.dispatch_request()
         ^^^^^^^^^^^^^^^^^^^^^^^
  File "/home/runner/workspace/.pythonlibs/lib/python3.11/site-packages/flask/app.py", line 902, in dispatch_request
    return self.ensure_sync(self.view_functions[rule.endpoint])(**view_args)  # type: ignore[no-any-return]
           ^^^^^^^^^^^^^^^^^^^^^^^^^^^^^^^^^^^^^^^^^^^^^^^^^^^^^^^^^^^^^^^^^
  File "/home/runner/workspace/.pythonlibs/lib/python3.11/site-packages/flask_login/utils.py", line 290, in decorated_view
    return current_app.ensure_sync(func)(*args, **kwargs)
           ^^^^^^^^^^^^^^^^^^^^^^^^^^^^^^^^^^^^^^^^^^^^^^
  File "/home/runner/workspace/routes/dashboard.py", line 56, in index
    return render_template('dashboard/index.html',
           ^^^^^^^^^^^^^^^^^^^^^^^^^^^^^^^^^^^^^^^
  File "/home/runner/workspace/.pythonlibs/lib/python3.11/site-packages/flask/templating.py", line 150, in render_template
    return _render(app, template, context)
           ^^^^^^^^^^^^^^^^^^^^^^^^^^^^^^^
  File "/home/runner/workspace/.pythonlibs/lib/python3.11/site-packages/flask/templating.py", line 131, in _render
    rv = template.render(context)
         ^^^^^^^^^^^^^^^^^^^^^^^^
  File "/home/runner/workspace/.pythonlibs/lib/python3.11/site-packages/jinja2/environment.py", line 1295, in render
    self.environment.handle_exception()
  File "/home/runner/workspace/.pythonlibs/lib/python3.11/site-packages/jinja2/environment.py", line 942, in handle_exception
    raise rewrite_traceback_stack(source=source)
  File "/home/runner/workspace/templates/dashboard/index.html", line 1, in top-level template code
    {% extends "base.html" %}
  File "/home/runner/workspace/templates/base.html", line 149, in top-level template code
    {% block content %}{% endblock %}
    ^^^^^^^^^^^^^^^^^^^^^^^^^
  File "/home/runner/workspace/templates/dashboard/index.html", line 249, in block 'content'
    <small class="text-muted">{{ order.created_at.strftime('%d/%m/%Y %H:%M') }}</small>
    ^^^^^^^^^^^^^^^^^^^^^^^^^
  File "/home/runner/workspace/.pythonlibs/lib/python3.11/site-packages/jinja2/utils.py", line 92, in from_obj
    if hasattr(obj, "jinja_pass_arg"):
       ^^^^^^^^^^^^^^^^^^^^^^^^^^^^^^
jinja2.exceptions.UndefinedError: 'None' has no attribute 'strftime'
2025-09-15 02:08:44,289 INFO: Sistema Distribuidor iniciado [in /home/runner/workspace/services/logging_service.py:42]
2025-09-15 02:18:17,504 INFO: Sistema Distribuidor iniciado [in /home/runner/workspace/services/logging_service.py:42]
2025-09-15 02:21:45,036 INFO: Sistema Distribuidor iniciado [in /home/runner/workspace/services/logging_service.py:42]
2025-09-15 02:22:09,636 INFO: Sistema Distribuidor iniciado [in /home/runner/workspace/services/logging_service.py:42]
2025-09-15 02:24:55,702 INFO: Sistema Distribuidor iniciado [in /home/runner/workspace/services/logging_service.py:42]
2025-09-15 02:31:24,566 ERROR: Exception on /orders/ [GET] [in /home/runner/workspace/.pythonlibs/lib/python3.11/site-packages/flask/app.py:875]
Traceback (most recent call last):
  File "/home/runner/workspace/.pythonlibs/lib/python3.11/site-packages/flask/app.py", line 1511, in wsgi_app
    response = self.full_dispatch_request()
               ^^^^^^^^^^^^^^^^^^^^^^^^^^^^
  File "/home/runner/workspace/.pythonlibs/lib/python3.11/site-packages/flask/app.py", line 919, in full_dispatch_request
    rv = self.handle_user_exception(e)
         ^^^^^^^^^^^^^^^^^^^^^^^^^^^^^
  File "/home/runner/workspace/.pythonlibs/lib/python3.11/site-packages/flask/app.py", line 917, in full_dispatch_request
    rv = self.dispatch_request()
         ^^^^^^^^^^^^^^^^^^^^^^^
  File "/home/runner/workspace/.pythonlibs/lib/python3.11/site-packages/flask/app.py", line 902, in dispatch_request
    return self.ensure_sync(self.view_functions[rule.endpoint])(**view_args)  # type: ignore[no-any-return]
           ^^^^^^^^^^^^^^^^^^^^^^^^^^^^^^^^^^^^^^^^^^^^^^^^^^^^^^^^^^^^^^^^^
  File "/home/runner/workspace/.pythonlibs/lib/python3.11/site-packages/flask_login/utils.py", line 290, in decorated_view
    return current_app.ensure_sync(func)(*args, **kwargs)
           ^^^^^^^^^^^^^^^^^^^^^^^^^^^^^^^^^^^^^^^^^^^^^^
  File "/home/runner/workspace/routes/orders.py", line 26, in index
    return render_template('orders/index.html', orders=orders, selected_status=status)
           ^^^^^^^^^^^^^^^^^^^^^^^^^^^^^^^^^^^^^^^^^^^^^^^^^^^^^^^^^^^^^^^^^^^^^^^^^^^
  File "/home/runner/workspace/.pythonlibs/lib/python3.11/site-packages/flask/templating.py", line 150, in render_template
    return _render(app, template, context)
           ^^^^^^^^^^^^^^^^^^^^^^^^^^^^^^^
  File "/home/runner/workspace/.pythonlibs/lib/python3.11/site-packages/flask/templating.py", line 131, in _render
    rv = template.render(context)
         ^^^^^^^^^^^^^^^^^^^^^^^^
  File "/home/runner/workspace/.pythonlibs/lib/python3.11/site-packages/jinja2/environment.py", line 1295, in render
    self.environment.handle_exception()
  File "/home/runner/workspace/.pythonlibs/lib/python3.11/site-packages/jinja2/environment.py", line 942, in handle_exception
    raise rewrite_traceback_stack(source=source)
  File "/home/runner/workspace/templates/orders/index.html", line 1, in top-level template code
    {% extends "base.html" %}
  File "/home/runner/workspace/templates/base.html", line 149, in top-level template code
    {% block content %}{% endblock %}
    ^^^^^^^^^^^^^^^^^^^^^^^^^
  File "/home/runner/workspace/templates/orders/index.html", line 96, in block 'content'
    <td>{{ order.created_at.strftime('%d/%m/%Y %H:%M') }}</td>
    ^^^^^^^^^^^^^^^^^^^^^^^^^
  File "/home/runner/workspace/.pythonlibs/lib/python3.11/site-packages/jinja2/utils.py", line 92, in from_obj
    if hasattr(obj, "jinja_pass_arg"):
       ^^^^^^^^^^^^^^^^^^^^^^^^^^^^^^
jinja2.exceptions.UndefinedError: 'None' has no attribute 'strftime'
2025-09-15 02:31:42,763 ERROR: Exception on /orders/ [GET] [in /home/runner/workspace/.pythonlibs/lib/python3.11/site-packages/flask/app.py:875]
Traceback (most recent call last):
  File "/home/runner/workspace/.pythonlibs/lib/python3.11/site-packages/flask/app.py", line 1511, in wsgi_app
    response = self.full_dispatch_request()
               ^^^^^^^^^^^^^^^^^^^^^^^^^^^^
  File "/home/runner/workspace/.pythonlibs/lib/python3.11/site-packages/flask/app.py", line 919, in full_dispatch_request
    rv = self.handle_user_exception(e)
         ^^^^^^^^^^^^^^^^^^^^^^^^^^^^^
  File "/home/runner/workspace/.pythonlibs/lib/python3.11/site-packages/flask/app.py", line 917, in full_dispatch_request
    rv = self.dispatch_request()
         ^^^^^^^^^^^^^^^^^^^^^^^
  File "/home/runner/workspace/.pythonlibs/lib/python3.11/site-packages/flask/app.py", line 902, in dispatch_request
    return self.ensure_sync(self.view_functions[rule.endpoint])(**view_args)  # type: ignore[no-any-return]
           ^^^^^^^^^^^^^^^^^^^^^^^^^^^^^^^^^^^^^^^^^^^^^^^^^^^^^^^^^^^^^^^^^
  File "/home/runner/workspace/.pythonlibs/lib/python3.11/site-packages/flask_login/utils.py", line 290, in decorated_view
    return current_app.ensure_sync(func)(*args, **kwargs)
           ^^^^^^^^^^^^^^^^^^^^^^^^^^^^^^^^^^^^^^^^^^^^^^
  File "/home/runner/workspace/routes/orders.py", line 26, in index
    return render_template('orders/index.html', orders=orders, selected_status=status)
           ^^^^^^^^^^^^^^^^^^^^^^^^^^^^^^^^^^^^^^^^^^^^^^^^^^^^^^^^^^^^^^^^^^^^^^^^^^^
  File "/home/runner/workspace/.pythonlibs/lib/python3.11/site-packages/flask/templating.py", line 150, in render_template
    return _render(app, template, context)
           ^^^^^^^^^^^^^^^^^^^^^^^^^^^^^^^
  File "/home/runner/workspace/.pythonlibs/lib/python3.11/site-packages/flask/templating.py", line 131, in _render
    rv = template.render(context)
         ^^^^^^^^^^^^^^^^^^^^^^^^
  File "/home/runner/workspace/.pythonlibs/lib/python3.11/site-packages/jinja2/environment.py", line 1295, in render
    self.environment.handle_exception()
  File "/home/runner/workspace/.pythonlibs/lib/python3.11/site-packages/jinja2/environment.py", line 942, in handle_exception
    raise rewrite_traceback_stack(source=source)
  File "/home/runner/workspace/templates/orders/index.html", line 1, in top-level template code
    {% extends "base.html" %}
  File "/home/runner/workspace/templates/base.html", line 149, in top-level template code
    {% block content %}{% endblock %}
    ^^^^^^^^^^^^^^^^^^^^^^^^^
  File "/home/runner/workspace/templates/orders/index.html", line 96, in block 'content'
    <td>{{ order.created_at.strftime('%d/%m/%Y %H:%M') }}</td>
    ^^^^^^^^^^^^^^^^^^^^^^^^^
  File "/home/runner/workspace/.pythonlibs/lib/python3.11/site-packages/jinja2/utils.py", line 92, in from_obj
    if hasattr(obj, "jinja_pass_arg"):
       ^^^^^^^^^^^^^^^^^^^^^^^^^^^^^^
jinja2.exceptions.UndefinedError: 'None' has no attribute 'strftime'
2025-09-15 02:32:40,182 INFO: Sistema Distribuidor iniciado [in /home/runner/workspace/services/logging_service.py:42]
2025-09-15 02:34:55,365 INFO: Sistema Distribuidor iniciado [in /home/runner/workspace/services/logging_service.py:42]
2025-09-15 02:36:31,578 INFO: Sistema Distribuidor iniciado [in /home/runner/workspace/services/logging_service.py:42]
2025-09-15 02:38:53,442 ERROR: Exception on /delivery/assign/4 [GET] [in /home/runner/workspace/.pythonlibs/lib/python3.11/site-packages/flask/app.py:875]
Traceback (most recent call last):
  File "/home/runner/workspace/.pythonlibs/lib/python3.11/site-packages/flask/app.py", line 1511, in wsgi_app
    response = self.full_dispatch_request()
               ^^^^^^^^^^^^^^^^^^^^^^^^^^^^
  File "/home/runner/workspace/.pythonlibs/lib/python3.11/site-packages/flask/app.py", line 919, in full_dispatch_request
    rv = self.handle_user_exception(e)
         ^^^^^^^^^^^^^^^^^^^^^^^^^^^^^
  File "/home/runner/workspace/.pythonlibs/lib/python3.11/site-packages/flask/app.py", line 917, in full_dispatch_request
    rv = self.dispatch_request()
         ^^^^^^^^^^^^^^^^^^^^^^^
  File "/home/runner/workspace/.pythonlibs/lib/python3.11/site-packages/flask/app.py", line 902, in dispatch_request
    return self.ensure_sync(self.view_functions[rule.endpoint])(**view_args)  # type: ignore[no-any-return]
           ^^^^^^^^^^^^^^^^^^^^^^^^^^^^^^^^^^^^^^^^^^^^^^^^^^^^^^^^^^^^^^^^^
  File "/home/runner/workspace/.pythonlibs/lib/python3.11/site-packages/flask_login/utils.py", line 290, in decorated_view
    return current_app.ensure_sync(func)(*args, **kwargs)
           ^^^^^^^^^^^^^^^^^^^^^^^^^^^^^^^^^^^^^^^^^^^^^^
  File "/home/runner/workspace/routes/delivery.py", line 57, in assign
    return render_template('delivery/assign.html', order=order, delivery_users=delivery_users)
           ^^^^^^^^^^^^^^^^^^^^^^^^^^^^^^^^^^^^^^^^^^^^^^^^^^^^^^^^^^^^^^^^^^^^^^^^^^^^^^^^^^^
  File "/home/runner/workspace/.pythonlibs/lib/python3.11/site-packages/flask/templating.py", line 149, in render_template
    template = app.jinja_env.get_or_select_template(template_name_or_list)
               ^^^^^^^^^^^^^^^^^^^^^^^^^^^^^^^^^^^^^^^^^^^^^^^^^^^^^^^^^^^
  File "/home/runner/workspace/.pythonlibs/lib/python3.11/site-packages/jinja2/environment.py", line 1087, in get_or_select_template
    return self.get_template(template_name_or_list, parent, globals)
           ^^^^^^^^^^^^^^^^^^^^^^^^^^^^^^^^^^^^^^^^^^^^^^^^^^^^^^^^^
  File "/home/runner/workspace/.pythonlibs/lib/python3.11/site-packages/jinja2/environment.py", line 1016, in get_template
    return self._load_template(name, globals)
           ^^^^^^^^^^^^^^^^^^^^^^^^^^^^^^^^^^
  File "/home/runner/workspace/.pythonlibs/lib/python3.11/site-packages/jinja2/environment.py", line 975, in _load_template
    template = self.loader.load(self, name, self.make_globals(globals))
               ^^^^^^^^^^^^^^^^^^^^^^^^^^^^^^^^^^^^^^^^^^^^^^^^^^^^^^^^
  File "/home/runner/workspace/.pythonlibs/lib/python3.11/site-packages/jinja2/loaders.py", line 126, in load
    source, filename, uptodate = self.get_source(environment, name)
                                 ^^^^^^^^^^^^^^^^^^^^^^^^^^^^^^^^^^
  File "/home/runner/workspace/.pythonlibs/lib/python3.11/site-packages/flask/templating.py", line 65, in get_source
    return self._get_source_fast(environment, template)
           ^^^^^^^^^^^^^^^^^^^^^^^^^^^^^^^^^^^^^^^^^^^^
  File "/home/runner/workspace/.pythonlibs/lib/python3.11/site-packages/flask/templating.py", line 99, in _get_source_fast
    raise TemplateNotFound(template)
jinja2.exceptions.TemplateNotFound: delivery/assign.html
2025-09-15 02:41:13,725 INFO: Sistema Distribuidor iniciado [in /home/runner/workspace/services/logging_service.py:42]
2025-09-15 02:51:42,341 INFO: Sistema Distribuidor iniciado [in /home/runner/workspace/services/logging_service.py:42]
2025-09-15 02:58:11,603 INFO: Sistema Distribuidor iniciado [in /home/runner/workspace/services/logging_service.py:42]
2025-09-15 03:09:31,064 INFO: Sistema Distribuidor iniciado [in /home/runner/workspace/services/logging_service.py:42]
2025-09-15 03:23:52,485 INFO: Sistema Distribuidor iniciado [in /home/runner/workspace/services/logging_service.py:42]
2025-11-05 12:00:30,331 INFO: Sistema Distribuidor iniciado [in c:\Users\Alphaclin\Documents\SistemaDistribuidor\services\logging_service.py:42]
2025-11-05 12:00:50,553 INFO: Sistema Distribuidor iniciado [in c:\Users\Alphaclin\Documents\SistemaDistribuidor\services\logging_service.py:42]
2025-11-05 12:00:50,565 INFO: Sistema Distribuidor iniciado [in c:\Users\Alphaclin\Documents\SistemaDistribuidor\services\logging_service.py:42]
2025-11-05 12:00:50,565 INFO: Sistema Distribuidor iniciado [in c:\Users\Alphaclin\Documents\SistemaDistribuidor\services\logging_service.py:42]
2025-11-05 12:01:51,178 INFO: Sistema Distribuidor iniciado [in c:\Users\Alphaclin\Documents\SistemaDistribuidor\services\logging_service.py:42]
2025-11-05 12:02:32,157 INFO: Sistema Distribuidor iniciado [in c:\Users\Alphaclin\Documents\SistemaDistribuidor\services\logging_service.py:42]
2025-11-05 12:02:49,917 INFO: Sistema Distribuidor iniciado [in c:\Users\Alphaclin\Documents\SistemaDistribuidor\services\logging_service.py:42]
2025-11-05 12:02:55,302 INFO: Sistema Distribuidor iniciado [in c:\Users\Alphaclin\Documents\SistemaDistribuidor\services\logging_service.py:42]
2025-11-05 12:07:42,155 INFO: Sistema Distribuidor iniciado [in c:\Users\Alphaclin\Documents\SistemaDistribuidor\services\logging_service.py:42]
2025-11-05 14:15:56,058 INFO: Sistema Distribuidor iniciado [in C:\Users\Alphaclin\Documents\SistemaDistribuidor\services\logging_service.py:42]
2025-11-05 14:15:58,784 INFO: Sistema Distribuidor iniciado [in C:\Users\Alphaclin\Documents\SistemaDistribuidor\services\logging_service.py:42]
2025-11-05 14:20:47,671 INFO: Sistema Distribuidor iniciado [in C:\Users\Alphaclin\Documents\SistemaDistribuidor\services\logging_service.py:42]
2025-11-05 14:20:49,432 INFO: Sistema Distribuidor iniciado [in C:\Users\Alphaclin\Documents\SistemaDistribuidor\services\logging_service.py:42]
2025-11-05 14:27:52,183 INFO: Sistema Distribuidor iniciado [in C:\Users\Alphaclin\Documents\SistemaDistribuidor\services\logging_service.py:42]
2025-11-05 14:28:59,969 INFO: Sistema Distribuidor iniciado [in C:\Users\Alphaclin\Documents\SistemaDistribuidor\services\logging_service.py:42]
2025-11-05 14:29:46,929 INFO: Sistema Distribuidor iniciado [in C:\Users\Alphaclin\Documents\SistemaDistribuidor\services\logging_service.py:42]
2025-11-05 14:31:00,075 INFO: Sistema Distribuidor iniciado [in C:\Users\Alphaclin\Documents\SistemaDistribuidor\services\logging_service.py:42]
2025-11-05 14:32:09,205 INFO: Sistema Distribuidor iniciado [in C:\Users\Alphaclin\Documents\SistemaDistribuidor\services\logging_service.py:42]
2025-11-05 14:33:00,958 INFO: Sistema Distribuidor iniciado [in C:\Users\Alphaclin\Documents\SistemaDistribuidor\services\logging_service.py:42]
2025-11-05 14:35:12,491 INFO: Sistema Distribuidor iniciado [in C:\Users\Alphaclin\Documents\SistemaDistribuidor\services\logging_service.py:42]
2025-11-05 14:35:24,641 INFO: Sistema Distribuidor iniciado [in C:\Users\Alphaclin\Documents\SistemaDistribuidor\services\logging_service.py:42]
2025-11-05 14:43:35,846 INFO: Sistema Distribuidor iniciado [in C:\Users\Alphaclin\Documents\SistemaDistribuidor\services\logging_service.py:42]
2025-11-06 06:56:49,332 INFO: Sistema Distribuidor iniciado [in c:\Users\Alphaclin\Documents\SistemaDistribuidor\services\logging_service.py:42]
2025-11-06 06:57:16,222 INFO: Sistema Distribuidor iniciado [in c:\Users\Alphaclin\Documents\SistemaDistribuidor\services\logging_service.py:42]
2025-11-06 07:01:25,654 INFO: Sistema Distribuidor iniciado [in c:\Users\Alphaclin\Documents\SistemaDistribuidor\services\logging_service.py:42]
2025-11-06 07:04:19,083 INFO: Sistema Distribuidor iniciado [in c:\Users\Alphaclin\Documents\SistemaDistribuidor\services\logging_service.py:42]
2025-11-06 07:09:19,447 INFO: Sistema Distribuidor iniciado [in c:\Users\Alphaclin\Documents\SistemaDistribuidor\services\logging_service.py:42]
2025-11-06 07:20:54,906 INFO: Sistema Distribuidor iniciado [in c:\Users\Alphaclin\Documents\SistemaDistribuidor\services\logging_service.py:42]
2025-11-06 07:21:12,873 INFO: Sistema Distribuidor iniciado [in c:\Users\Alphaclin\Documents\SistemaDistribuidor\services\logging_service.py:42]
2025-11-06 07:22:42,406 INFO: Sistema Distribuidor iniciado [in C:\Users\Alphaclin\Documents\SistemaDistribuidor\services\logging_service.py:42]
2025-11-06 07:22:44,977 INFO: Sistema Distribuidor iniciado [in C:\Users\Alphaclin\Documents\SistemaDistribuidor\services\logging_service.py:42]
2025-11-06 07:28:47,606 INFO: Sistema Distribuidor iniciado [in C:\Users\Alphaclin\Documents\SistemaDistribuidor\services\logging_service.py:42]
2025-11-06 07:29:04,335 INFO: Sistema Distribuidor iniciado [in C:\Users\Alphaclin\Documents\SistemaDistribuidor\services\logging_service.py:42]
2025-11-06 07:29:15,251 INFO: Sistema Distribuidor iniciado [in C:\Users\Alphaclin\Documents\SistemaDistribuidor\services\logging_service.py:42]
2025-11-06 07:29:26,340 INFO: Sistema Distribuidor iniciado [in C:\Users\Alphaclin\Documents\SistemaDistribuidor\services\logging_service.py:42]
2025-11-06 07:29:37,340 INFO: Sistema Distribuidor iniciado [in C:\Users\Alphaclin\Documents\SistemaDistribuidor\services\logging_service.py:42]
2025-11-06 07:29:47,210 INFO: Sistema Distribuidor iniciado [in C:\Users\Alphaclin\Documents\SistemaDistribuidor\services\logging_service.py:42]
2025-11-06 07:29:57,211 INFO: Sistema Distribuidor iniciado [in C:\Users\Alphaclin\Documents\SistemaDistribuidor\services\logging_service.py:42]
2025-11-06 07:30:07,095 INFO: Sistema Distribuidor iniciado [in C:\Users\Alphaclin\Documents\SistemaDistribuidor\services\logging_service.py:42]
2025-11-06 07:30:19,292 INFO: Sistema Distribuidor iniciado [in C:\Users\Alphaclin\Documents\SistemaDistribuidor\services\logging_service.py:42]
2025-11-06 07:30:39,282 INFO: Sistema Distribuidor iniciado [in C:\Users\Alphaclin\Documents\SistemaDistribuidor\services\logging_service.py:42]
2025-11-06 07:30:49,276 INFO: Sistema Distribuidor iniciado [in C:\Users\Alphaclin\Documents\SistemaDistribuidor\services\logging_service.py:42]
2025-11-06 07:31:00,252 INFO: Sistema Distribuidor iniciado [in C:\Users\Alphaclin\Documents\SistemaDistribuidor\services\logging_service.py:42]
2025-11-06 07:31:10,394 INFO: Sistema Distribuidor iniciado [in C:\Users\Alphaclin\Documents\SistemaDistribuidor\services\logging_service.py:42]
2025-11-06 07:31:24,800 INFO: Sistema Distribuidor iniciado [in C:\Users\Alphaclin\Documents\SistemaDistribuidor\services\logging_service.py:42]
2025-11-06 07:31:37,127 INFO: Sistema Distribuidor iniciado [in C:\Users\Alphaclin\Documents\SistemaDistribuidor\services\logging_service.py:42]
2025-11-06 07:31:50,192 INFO: Sistema Distribuidor iniciado [in C:\Users\Alphaclin\Documents\SistemaDistribuidor\services\logging_service.py:42]
2025-11-06 07:32:00,203 INFO: Sistema Distribuidor iniciado [in C:\Users\Alphaclin\Documents\SistemaDistribuidor\services\logging_service.py:42]
2025-11-06 07:32:12,331 INFO: Sistema Distribuidor iniciado [in C:\Users\Alphaclin\Documents\SistemaDistribuidor\services\logging_service.py:42]
2025-11-06 07:32:21,225 INFO: Sistema Distribuidor iniciado [in C:\Users\Alphaclin\Documents\SistemaDistribuidor\services\logging_service.py:42]
2025-11-06 07:33:04,179 INFO: Sistema Distribuidor iniciado [in C:\Users\Alphaclin\Documents\SistemaDistribuidor\services\logging_service.py:42]
2025-11-06 07:33:22,080 INFO: Sistema Distribuidor iniciado [in c:\Users\Alphaclin\Documents\SistemaDistribuidor\services\logging_service.py:42]
2025-11-06 07:46:32,806 INFO: Sistema Distribuidor iniciado [in C:\Users\Alphaclin\Documents\SistemaDistribuidor\services\logging_service.py:42]
2025-11-06 07:46:52,162 INFO: Sistema Distribuidor iniciado [in C:\Users\Alphaclin\Documents\SistemaDistribuidor\services\logging_service.py:42]
2025-11-06 07:47:12,746 INFO: Sistema Distribuidor iniciado [in C:\Users\Alphaclin\Documents\SistemaDistribuidor\services\logging_service.py:42]
2025-11-06 07:47:23,740 INFO: Sistema Distribuidor iniciado [in C:\Users\Alphaclin\Documents\SistemaDistribuidor\services\logging_service.py:42]
2025-11-06 07:49:33,999 INFO: Sistema Distribuidor iniciado [in c:\Users\Alphaclin\Documents\SistemaDistribuidor\services\logging_service.py:42]
2025-11-06 08:11:13,421 INFO: Sistema Distribuidor iniciado [in c:\Users\Alphaclin\Documents\SistemaDistribuidor\services\logging_service.py:42]
2025-11-06 08:44:10,405 INFO: Sistema Distribuidor iniciado [in C:\Users\Alphaclin\Documents\SistemaDistribuidor\services\logging_service.py:42]
2025-11-06 08:44:18,241 INFO: Sistema Distribuidor iniciado [in C:\Users\Alphaclin\Documents\SistemaDistribuidor\services\logging_service.py:42]
2025-11-06 08:44:27,224 INFO: Sistema Distribuidor iniciado [in C:\Users\Alphaclin\Documents\SistemaDistribuidor\services\logging_service.py:42]
2025-11-06 08:44:36,454 INFO: Sistema Distribuidor iniciado [in C:\Users\Alphaclin\Documents\SistemaDistribuidor\services\logging_service.py:42]
2025-11-06 08:44:50,853 INFO: Sistema Distribuidor iniciado [in C:\Users\Alphaclin\Documents\SistemaDistribuidor\services\logging_service.py:42]
2025-11-06 08:44:58,858 INFO: Sistema Distribuidor iniciado [in C:\Users\Alphaclin\Documents\SistemaDistribuidor\services\logging_service.py:42]
2025-11-06 08:45:08,980 INFO: Sistema Distribuidor iniciado [in C:\Users\Alphaclin\Documents\SistemaDistribuidor\services\logging_service.py:42]
2025-11-06 08:45:45,411 INFO: Sistema Distribuidor iniciado [in C:\Users\Alphaclin\Documents\SistemaDistribuidor\services\logging_service.py:42]
2025-11-06 08:46:46,252 INFO: Sistema Distribuidor iniciado [in c:\Users\Alphaclin\Documents\SistemaDistribuidor\services\logging_service.py:42]
2025-11-06 08:46:46,268 INFO: Sistema Distribuidor iniciado [in c:\Users\Alphaclin\Documents\SistemaDistribuidor\services\logging_service.py:42]
2025-11-06 08:46:46,268 INFO: Sistema Distribuidor iniciado [in c:\Users\Alphaclin\Documents\SistemaDistribuidor\services\logging_service.py:42]
2025-11-06 08:46:46,286 INFO: Sistema Distribuidor iniciado [in c:\Users\Alphaclin\Documents\SistemaDistribuidor\services\logging_service.py:42]
2025-11-06 08:46:46,286 INFO: Sistema Distribuidor iniciado [in c:\Users\Alphaclin\Documents\SistemaDistribuidor\services\logging_service.py:42]
2025-11-06 08:46:46,286 INFO: Sistema Distribuidor iniciado [in c:\Users\Alphaclin\Documents\SistemaDistribuidor\services\logging_service.py:42]
2025-11-06 08:48:41,249 INFO: Sistema Distribuidor iniciado [in C:\Users\Alphaclin\Documents\SistemaDistribuidor\services\logging_service.py:42]
2025-11-06 08:51:50,210 INFO: Sistema Distribuidor iniciado [in C:\Users\Alphaclin\Documents\SistemaDistribuidor\services\logging_service.py:42]
2025-11-06 09:14:11,894 INFO: Sistema Distribuidor iniciado [in C:\Users\Alphaclin\Documents\SistemaDistribuidor\services\logging_service.py:42]
2025-11-06 09:14:13,991 INFO: Sistema Distribuidor iniciado [in C:\Users\Alphaclin\Documents\SistemaDistribuidor\services\logging_service.py:42]
2025-11-06 09:16:12,920 INFO: Sistema Distribuidor iniciado [in C:\Users\Alphaclin\Documents\SistemaDistribuidor\services\logging_service.py:42]
2025-11-06 09:17:39,839 INFO: Sistema Distribuidor iniciado [in C:\Users\Alphaclin\Documents\SistemaDistribuidor\services\logging_service.py:42]
2025-11-06 09:17:53,453 INFO: Sistema Distribuidor iniciado [in C:\Users\Alphaclin\Documents\SistemaDistribuidor\services\logging_service.py:42]
2025-11-06 09:18:09,653 INFO: Sistema Distribuidor iniciado [in C:\Users\Alphaclin\Documents\SistemaDistribuidor\services\logging_service.py:42]
2025-11-06 09:18:23,009 INFO: Sistema Distribuidor iniciado [in C:\Users\Alphaclin\Documents\SistemaDistribuidor\services\logging_service.py:42]
2025-11-06 09:19:08,774 INFO: Sistema Distribuidor iniciado [in C:\Users\Alphaclin\Documents\SistemaDistribuidor\services\logging_service.py:42]
2025-11-06 09:19:33,445 INFO: Sistema Distribuidor iniciado [in c:\Users\Alphaclin\Documents\SistemaDistribuidor\services\logging_service.py:42]
2025-11-06 09:20:06,180 INFO: Sistema Distribuidor iniciado [in c:\Users\Alphaclin\Documents\SistemaDistribuidor\services\logging_service.py:42]
2025-11-06 09:20:39,626 INFO: Sistema Distribuidor iniciado [in c:\Users\Alphaclin\Documents\SistemaDistribuidor\services\logging_service.py:42]
2025-11-06 09:21:10,726 INFO: Sistema Distribuidor iniciado [in c:\Users\Alphaclin\Documents\SistemaDistribuidor\services\logging_service.py:42]
2025-11-06 09:21:26,749 INFO: Sistema Distribuidor iniciado [in C:\Users\Alphaclin\Documents\SistemaDistribuidor\services\logging_service.py:42]
2025-11-06 09:22:07,608 INFO: Sistema Distribuidor iniciado [in C:\Users\Alphaclin\Documents\SistemaDistribuidor\services\logging_service.py:42]
2025-11-06 09:22:36,699 INFO: Sistema Distribuidor iniciado [in c:\Users\Alphaclin\Documents\SistemaDistribuidor\services\logging_service.py:42]
2025-11-06 09:23:08,256 INFO: Sistema Distribuidor iniciado [in C:\Users\Alphaclin\Documents\SistemaDistribuidor\services\logging_service.py:42]
2025-11-06 09:23:27,794 INFO: Sistema Distribuidor iniciado [in c:\Users\Alphaclin\Documents\SistemaDistribuidor\services\logging_service.py:42]
2025-11-06 09:24:01,775 INFO: Sistema Distribuidor iniciado [in C:\Users\Alphaclin\Documents\SistemaDistribuidor\services\logging_service.py:42]
2025-11-06 09:25:16,305 INFO: Sistema Distribuidor iniciado [in c:\Users\Alphaclin\Documents\SistemaDistribuidor\services\logging_service.py:42]
2025-11-06 09:25:50,627 INFO: Sistema Distribuidor iniciado [in C:\Users\Alphaclin\Documents\SistemaDistribuidor\services\logging_service.py:42]
2025-11-06 09:26:02,254 INFO: Sistema Distribuidor iniciado [in c:\Users\Alphaclin\Documents\SistemaDistribuidor\services\logging_service.py:42]
2025-11-06 09:26:51,846 INFO: Sistema Distribuidor iniciado [in C:\Users\Alphaclin\Documents\SistemaDistribuidor\services\logging_service.py:42]
2025-11-06 09:30:23,094 INFO: Sistema Distribuidor iniciado [in c:\Users\Alphaclin\Documents\SistemaDistribuidor\services\logging_service.py:42]
2025-11-06 09:30:59,997 INFO: Sistema Distribuidor iniciado [in C:\Users\Alphaclin\Documents\SistemaDistribuidor\services\logging_service.py:42]
2025-11-06 09:31:11,362 INFO: Sistema Distribuidor iniciado [in c:\Users\Alphaclin\Documents\SistemaDistribuidor\services\logging_service.py:42]
2025-11-06 10:01:17,421 INFO: Sistema Distribuidor iniciado [in C:\Users\Alphaclin\Documents\SistemaDistribuidor\services\logging_service.py:42]
2025-11-06 10:04:08,402 INFO: Sistema Distribuidor iniciado [in c:\Users\Alphaclin\Documents\SistemaDistribuidor\services\logging_service.py:42]
2025-11-06 10:07:44,208 INFO: Sistema Distribuidor iniciado [in c:\Users\Alphaclin\Documents\SistemaDistribuidor\services\logging_service.py:42]
2025-11-06 10:07:46,263 INFO: Sistema Distribuidor iniciado [in c:\Users\Alphaclin\Documents\SistemaDistribuidor\services\logging_service.py:42]
2025-11-06 10:42:44,430 INFO: Sistema Distribuidor iniciado [in C:\Users\Alphaclin\Documents\SistemaDistribuidor\services\logging_service.py:42]
2025-11-06 10:42:47,054 INFO: Sistema Distribuidor iniciado [in C:\Users\Alphaclin\Documents\SistemaDistribuidor\services\logging_service.py:42]
2025-11-06 10:49:45,593 INFO: Sistema Distribuidor iniciado [in C:\Users\Alphaclin\Documents\SistemaDistribuidor\services\logging_service.py:42]
2025-11-06 10:49:45,677 INFO: Sistema Distribuidor iniciado [in c:\Users\Alphaclin\Documents\SistemaDistribuidor\services\logging_service.py:42]
2025-11-06 10:50:30,009 INFO: Sistema Distribuidor iniciado [in C:\Users\Alphaclin\Documents\SistemaDistribuidor\services\logging_service.py:42]
2025-11-06 10:50:30,538 INFO: Sistema Distribuidor iniciado [in c:\Users\Alphaclin\Documents\SistemaDistribuidor\services\logging_service.py:42]
2025-11-06 10:51:35,877 INFO: Sistema Distribuidor iniciado [in c:\Users\Alphaclin\Documents\SistemaDistribuidor\services\logging_service.py:42]
2025-11-06 10:51:36,531 INFO: Sistema Distribuidor iniciado [in C:\Users\Alphaclin\Documents\SistemaDistribuidor\services\logging_service.py:42]
2025-11-06 11:15:29,225 INFO: Sistema Distribuidor iniciado [in C:\Users\Alphaclin\Documents\SistemaDistribuidor\services\logging_service.py:42]
2025-11-06 11:15:32,576 INFO: Sistema Distribuidor iniciado [in C:\Users\Alphaclin\Documents\SistemaDistribuidor\services\logging_service.py:42]
2025-11-06 11:25:13,430 INFO: Sistema Distribuidor iniciado [in c:\Users\Alphaclin\Documents\SistemaDistribuidor\services\logging_service.py:42]
2025-11-06 11:25:13,696 INFO: Sistema Distribuidor iniciado [in C:\Users\Alphaclin\Documents\SistemaDistribuidor\services\logging_service.py:42]
2025-11-06 11:25:26,081 INFO: Sistema Distribuidor iniciado [in c:\Users\Alphaclin\Documents\SistemaDistribuidor\services\logging_service.py:42]
2025-11-06 11:25:26,156 INFO: Sistema Distribuidor iniciado [in C:\Users\Alphaclin\Documents\SistemaDistribuidor\services\logging_service.py:42]
2025-11-06 11:25:38,385 INFO: Sistema Distribuidor iniciado [in C:\Users\Alphaclin\Documents\SistemaDistribuidor\services\logging_service.py:42]
2025-11-06 11:25:39,100 INFO: Sistema Distribuidor iniciado [in c:\Users\Alphaclin\Documents\SistemaDistribuidor\services\logging_service.py:42]
2025-11-06 11:25:50,818 INFO: Sistema Distribuidor iniciado [in c:\Users\Alphaclin\Documents\SistemaDistribuidor\services\logging_service.py:42]
2025-11-06 11:25:51,741 INFO: Sistema Distribuidor iniciado [in C:\Users\Alphaclin\Documents\SistemaDistribuidor\services\logging_service.py:42]
2025-11-06 11:26:04,927 INFO: Sistema Distribuidor iniciado [in c:\Users\Alphaclin\Documents\SistemaDistribuidor\services\logging_service.py:42]
2025-11-06 11:26:04,975 INFO: Sistema Distribuidor iniciado [in C:\Users\Alphaclin\Documents\SistemaDistribuidor\services\logging_service.py:42]
2025-11-06 11:26:35,703 INFO: Sistema Distribuidor iniciado [in c:\Users\Alphaclin\Documents\SistemaDistribuidor\services\logging_service.py:42]
2025-11-06 11:26:35,718 INFO: Sistema Distribuidor iniciado [in c:\Users\Alphaclin\Documents\SistemaDistribuidor\services\logging_service.py:42]
2025-11-06 11:26:35,718 INFO: Sistema Distribuidor iniciado [in c:\Users\Alphaclin\Documents\SistemaDistribuidor\services\logging_service.py:42]
2025-11-06 11:26:45,919 INFO: Sistema Distribuidor iniciado [in c:\Users\Alphaclin\Documents\SistemaDistribuidor\services\logging_service.py:42]
2025-11-06 11:26:46,129 INFO: Sistema Distribuidor iniciado [in C:\Users\Alphaclin\Documents\SistemaDistribuidor\services\logging_service.py:42]
2025-11-06 11:31:20,527 INFO: Sistema Distribuidor iniciado [in C:\Users\Alphaclin\Documents\SistemaDistribuidor\services\logging_service.py:42]
2025-11-06 11:31:20,831 INFO: Sistema Distribuidor iniciado [in c:\Users\Alphaclin\Documents\SistemaDistribuidor\services\logging_service.py:42]
2025-11-06 11:31:52,053 INFO: Sistema Distribuidor iniciado [in c:\Users\Alphaclin\Documents\SistemaDistribuidor\services\logging_service.py:42]
2025-11-06 11:31:52,444 INFO: Sistema Distribuidor iniciado [in C:\Users\Alphaclin\Documents\SistemaDistribuidor\services\logging_service.py:42]
2025-11-06 11:33:04,334 INFO: Sistema Distribuidor iniciado [in C:\Users\Alphaclin\Documents\SistemaDistribuidor\services\logging_service.py:42]
2025-11-06 11:33:04,792 INFO: Sistema Distribuidor iniciado [in c:\Users\Alphaclin\Documents\SistemaDistribuidor\services\logging_service.py:42]
2025-11-06 11:33:34,451 INFO: Sistema Distribuidor iniciado [in c:\Users\Alphaclin\Documents\SistemaDistribuidor\services\logging_service.py:42]
2025-11-06 11:33:34,594 INFO: Sistema Distribuidor iniciado [in C:\Users\Alphaclin\Documents\SistemaDistribuidor\services\logging_service.py:42]
2025-11-06 11:33:45,427 INFO: Sistema Distribuidor iniciado [in c:\Users\Alphaclin\Documents\SistemaDistribuidor\services\logging_service.py:42]
2025-11-06 11:33:45,940 INFO: Sistema Distribuidor iniciado [in C:\Users\Alphaclin\Documents\SistemaDistribuidor\services\logging_service.py:42]
2025-11-06 11:33:57,162 INFO: Sistema Distribuidor iniciado [in C:\Users\Alphaclin\Documents\SistemaDistribuidor\services\logging_service.py:42]
2025-11-06 11:33:57,255 INFO: Sistema Distribuidor iniciado [in c:\Users\Alphaclin\Documents\SistemaDistribuidor\services\logging_service.py:42]
2025-11-06 11:39:22,190 INFO: Sistema Distribuidor iniciado [in C:\Users\Alphaclin\Documents\SistemaDistribuidor\services\logging_service.py:42]
2025-11-06 11:39:22,768 INFO: Sistema Distribuidor iniciado [in c:\Users\Alphaclin\Documents\SistemaDistribuidor\services\logging_service.py:42]
2025-11-06 11:39:33,889 INFO: Sistema Distribuidor iniciado [in c:\Users\Alphaclin\Documents\SistemaDistribuidor\services\logging_service.py:42]
2025-11-06 11:39:34,902 INFO: Sistema Distribuidor iniciado [in c:\Users\Alphaclin\Documents\SistemaDistribuidor\services\logging_service.py:42]
2025-11-06 11:39:34,902 INFO: Sistema Distribuidor iniciado [in c:\Users\Alphaclin\Documents\SistemaDistribuidor\services\logging_service.py:42]
2025-11-06 11:39:57,443 INFO: Sistema Distribuidor iniciado [in c:\Users\Alphaclin\Documents\SistemaDistribuidor\services\logging_service.py:42]
2025-11-06 11:39:57,956 INFO: Sistema Distribuidor iniciado [in C:\Users\Alphaclin\Documents\SistemaDistribuidor\services\logging_service.py:42]
2025-11-06 11:40:09,795 INFO: Sistema Distribuidor iniciado [in c:\Users\Alphaclin\Documents\SistemaDistribuidor\services\logging_service.py:42]
2025-11-06 11:40:10,839 INFO: Sistema Distribuidor iniciado [in c:\Users\Alphaclin\Documents\SistemaDistribuidor\services\logging_service.py:42]
2025-11-06 11:40:10,839 INFO: Sistema Distribuidor iniciado [in c:\Users\Alphaclin\Documents\SistemaDistribuidor\services\logging_service.py:42]
2025-11-06 11:42:34,987 INFO: Sistema Distribuidor iniciado [in C:\Users\Alphaclin\Documents\SistemaDistribuidor\services\logging_service.py:42]
2025-11-06 11:42:35,010 INFO: Sistema Distribuidor iniciado [in c:\Users\Alphaclin\Documents\SistemaDistribuidor\services\logging_service.py:42]
2025-11-06 11:43:04,544 INFO: Sistema Distribuidor iniciado [in c:\Users\Alphaclin\Documents\SistemaDistribuidor\services\logging_service.py:42]
2025-11-06 11:43:05,504 INFO: Sistema Distribuidor iniciado [in C:\Users\Alphaclin\Documents\SistemaDistribuidor\services\logging_service.py:42]
2025-11-06 11:44:27,896 INFO: Sistema Distribuidor iniciado [in c:\Users\Alphaclin\Documents\SistemaDistribuidor\services\logging_service.py:42]
2025-11-06 11:44:27,956 INFO: Sistema Distribuidor iniciado [in C:\Users\Alphaclin\Documents\SistemaDistribuidor\services\logging_service.py:42]
2025-11-06 11:44:44,047 INFO: Sistema Distribuidor iniciado [in c:\Users\Alphaclin\Documents\SistemaDistribuidor\services\logging_service.py:42]
2025-11-06 11:44:51,493 INFO: Sistema Distribuidor iniciado [in c:\Users\Alphaclin\Documents\SistemaDistribuidor\services\logging_service.py:42]
2025-11-06 11:44:51,493 INFO: Sistema Distribuidor iniciado [in c:\Users\Alphaclin\Documents\SistemaDistribuidor\services\logging_service.py:42]
2025-11-06 11:51:28,495 INFO: Sistema Distribuidor iniciado [in C:\Users\Alphaclin\Documents\SistemaDistribuidor\services\logging_service.py:42]
2025-11-06 11:51:30,433 INFO: Sistema Distribuidor iniciado [in C:\Users\Alphaclin\Documents\SistemaDistribuidor\services\logging_service.py:42]
2025-11-06 11:59:32,484 INFO: Sistema Distribuidor iniciado [in C:\Users\Alphaclin\Documents\SistemaDistribuidor\services\logging_service.py:42]
2025-11-06 11:59:32,744 INFO: Sistema Distribuidor iniciado [in c:\Users\Alphaclin\Documents\SistemaDistribuidor\services\logging_service.py:42]
2025-11-06 11:59:45,293 INFO: Sistema Distribuidor iniciado [in c:\Users\Alphaclin\Documents\SistemaDistribuidor\services\logging_service.py:42]
2025-11-06 11:59:45,315 INFO: Sistema Distribuidor iniciado [in C:\Users\Alphaclin\Documents\SistemaDistribuidor\services\logging_service.py:42]
2025-11-06 13:52:58,132 INFO: Sistema Distribuidor iniciado [in C:\Users\Alphaclin\Documents\SistemaDistribuidor\services\logging_service.py:42]
2025-11-06 13:53:02,023 INFO: Sistema Distribuidor iniciado [in C:\Users\Alphaclin\Documents\SistemaDistribuidor\services\logging_service.py:42]
2025-11-06 13:57:30,831 INFO: Sistema Distribuidor iniciado [in C:\Users\Alphaclin\Documents\SistemaDistribuidor\services\logging_service.py:42]
2025-11-06 13:57:38,502 INFO: Sistema Distribuidor iniciado [in C:\Users\Alphaclin\Documents\SistemaDistribuidor\services\logging_service.py:42]
2025-11-06 13:57:46,368 INFO: Sistema Distribuidor iniciado [in C:\Users\Alphaclin\Documents\SistemaDistribuidor\services\logging_service.py:42]
2025-11-06 13:58:04,856 INFO: Sistema Distribuidor iniciado [in C:\Users\Alphaclin\Documents\SistemaDistribuidor\services\logging_service.py:42]
2025-11-06 13:59:58,159 INFO: Sistema Distribuidor iniciado [in C:\Users\Alphaclin\Documents\SistemaDistribuidor\services\logging_service.py:42]
2025-11-06 14:00:00,133 INFO: Sistema Distribuidor iniciado [in C:\Users\Alphaclin\Documents\SistemaDistribuidor\services\logging_service.py:42]
2025-11-06 14:01:35,830 INFO: Sistema Distribuidor iniciado [in C:\Users\Alphaclin\Documents\SistemaDistribuidor\services\logging_service.py:42]
2025-11-06 14:01:53,174 INFO: Sistema Distribuidor iniciado [in C:\Users\Alphaclin\Documents\SistemaDistribuidor\services\logging_service.py:42]
2025-11-06 14:02:02,209 INFO: Sistema Distribuidor iniciado [in C:\Users\Alphaclin\Documents\SistemaDistribuidor\services\logging_service.py:42]
2025-11-06 14:06:47,946 INFO: Sistema Distribuidor iniciado [in C:\Users\Alphaclin\Documents\SistemaDistribuidor\services\logging_service.py:42]
2025-11-06 14:06:58,418 INFO: Sistema Distribuidor iniciado [in C:\Users\Alphaclin\Documents\SistemaDistribuidor\services\logging_service.py:42]
2025-11-06 14:07:12,718 INFO: Sistema Distribuidor iniciado [in C:\Users\Alphaclin\Documents\SistemaDistribuidor\services\logging_service.py:42]
2025-11-06 14:07:20,697 INFO: Sistema Distribuidor iniciado [in C:\Users\Alphaclin\Documents\SistemaDistribuidor\services\logging_service.py:42]
2025-11-06 14:07:30,730 INFO: Sistema Distribuidor iniciado [in C:\Users\Alphaclin\Documents\SistemaDistribuidor\services\logging_service.py:42]
2025-11-06 14:08:09,260 INFO: Sistema Distribuidor iniciado [in C:\Users\Alphaclin\Documents\SistemaDistribuidor\services\logging_service.py:42]
2025-11-06 14:09:53,437 INFO: Sistema Distribuidor iniciado [in C:\Users\Alphaclin\Documents\SistemaDistribuidor\services\logging_service.py:42]
2025-11-06 14:09:55,315 INFO: Sistema Distribuidor iniciado [in C:\Users\Alphaclin\Documents\SistemaDistribuidor\services\logging_service.py:42]
2025-11-06 14:28:01,044 INFO: Sistema Distribuidor iniciado [in C:\Users\Alphaclin\Documents\SistemaDistribuidor\services\logging_service.py:42]
2025-11-06 14:28:15,336 INFO: Sistema Distribuidor iniciado [in C:\Users\Alphaclin\Documents\SistemaDistribuidor\services\logging_service.py:42]
2025-11-06 14:28:25,404 INFO: Sistema Distribuidor iniciado [in C:\Users\Alphaclin\Documents\SistemaDistribuidor\services\logging_service.py:42]
2025-11-06 14:30:23,497 INFO: Sistema Distribuidor iniciado [in C:\Users\Alphaclin\Documents\SistemaDistribuidor\services\logging_service.py:42]
2025-11-06 14:30:25,393 INFO: Sistema Distribuidor iniciado [in C:\Users\Alphaclin\Documents\SistemaDistribuidor\services\logging_service.py:42]
2025-11-06 15:01:26,165 INFO: Sistema Distribuidor iniciado [in C:\Users\Alphaclin\Documents\SistemaDistribuidor\services\logging_service.py:42]
2025-11-06 15:01:42,945 INFO: Sistema Distribuidor iniciado [in C:\Users\Alphaclin\Documents\SistemaDistribuidor\services\logging_service.py:42]
2025-11-06 15:02:05,625 INFO: Sistema Distribuidor iniciado [in C:\Users\Alphaclin\Documents\SistemaDistribuidor\services\logging_service.py:42]
2025-11-06 15:02:13,944 INFO: Sistema Distribuidor iniciado [in C:\Users\Alphaclin\Documents\SistemaDistribuidor\services\logging_service.py:42]
2025-11-06 15:02:22,711 INFO: Sistema Distribuidor iniciado [in C:\Users\Alphaclin\Documents\SistemaDistribuidor\services\logging_service.py:42]
2025-11-06 15:02:30,558 INFO: Sistema Distribuidor iniciado [in C:\Users\Alphaclin\Documents\SistemaDistribuidor\services\logging_service.py:42]
2025-11-06 15:02:37,107 INFO: Sistema Distribuidor iniciado [in C:\Users\Alphaclin\Documents\SistemaDistribuidor\services\logging_service.py:42]
2025-11-06 15:02:47,033 INFO: Sistema Distribuidor iniciado [in C:\Users\Alphaclin\Documents\SistemaDistribuidor\services\logging_service.py:42]
2025-11-06 15:02:55,723 INFO: Sistema Distribuidor iniciado [in C:\Users\Alphaclin\Documents\SistemaDistribuidor\services\logging_service.py:42]
2025-11-06 15:03:03,384 INFO: Sistema Distribuidor iniciado [in C:\Users\Alphaclin\Documents\SistemaDistribuidor\services\logging_service.py:42]
2025-11-06 15:03:21,813 INFO: Sistema Distribuidor iniciado [in C:\Users\Alphaclin\Documents\SistemaDistribuidor\services\logging_service.py:42]
2025-11-06 15:03:30,741 INFO: Sistema Distribuidor iniciado [in C:\Users\Alphaclin\Documents\SistemaDistribuidor\services\logging_service.py:42]
2025-11-06 15:03:39,476 INFO: Sistema Distribuidor iniciado [in C:\Users\Alphaclin\Documents\SistemaDistribuidor\services\logging_service.py:42]
2025-11-06 15:03:47,289 INFO: Sistema Distribuidor iniciado [in C:\Users\Alphaclin\Documents\SistemaDistribuidor\services\logging_service.py:42]
2025-11-06 15:03:56,082 INFO: Sistema Distribuidor iniciado [in C:\Users\Alphaclin\Documents\SistemaDistribuidor\services\logging_service.py:42]
2025-11-06 15:04:11,441 INFO: Sistema Distribuidor iniciado [in C:\Users\Alphaclin\Documents\SistemaDistribuidor\services\logging_service.py:42]
2025-11-06 15:04:39,453 INFO: Sistema Distribuidor iniciado [in C:\Users\Alphaclin\Documents\SistemaDistribuidor\services\logging_service.py:42]
2025-11-06 15:06:08,196 INFO: Sistema Distribuidor iniciado [in C:\Users\Alphaclin\Documents\SistemaDistribuidor\services\logging_service.py:42]
2025-11-06 15:06:10,012 INFO: Sistema Distribuidor iniciado [in C:\Users\Alphaclin\Documents\SistemaDistribuidor\services\logging_service.py:42]
2025-11-06 15:11:33,490 INFO: Sistema Distribuidor iniciado [in C:\Users\Alphaclin\Documents\SistemaDistribuidor\services\logging_service.py:42]
2025-11-06 15:11:52,742 INFO: Sistema Distribuidor iniciado [in C:\Users\Alphaclin\Documents\SistemaDistribuidor\services\logging_service.py:42]
2025-11-06 15:12:03,837 INFO: Sistema Distribuidor iniciado [in C:\Users\Alphaclin\Documents\SistemaDistribuidor\services\logging_service.py:42]
2025-11-06 15:12:11,547 INFO: Sistema Distribuidor iniciado [in C:\Users\Alphaclin\Documents\SistemaDistribuidor\services\logging_service.py:42]
2025-11-06 15:12:22,399 INFO: Sistema Distribuidor iniciado [in C:\Users\Alphaclin\Documents\SistemaDistribuidor\services\logging_service.py:42]
2025-11-06 15:15:49,954 INFO: Sistema Distribuidor iniciado [in C:\Users\Alphaclin\Documents\SistemaDistribuidor\services\logging_service.py:42]
2025-11-06 15:15:51,808 INFO: Sistema Distribuidor iniciado [in C:\Users\Alphaclin\Documents\SistemaDistribuidor\services\logging_service.py:42]
2025-11-06 15:28:45,665 INFO: Sistema Distribuidor iniciado [in C:\Users\Alphaclin\Documents\SistemaDistribuidor\services\logging_service.py:42]
2025-11-06 15:29:07,321 INFO: Sistema Distribuidor iniciado [in C:\Users\Alphaclin\Documents\SistemaDistribuidor\services\logging_service.py:42]
2025-11-06 15:29:16,116 INFO: Sistema Distribuidor iniciado [in C:\Users\Alphaclin\Documents\SistemaDistribuidor\services\logging_service.py:42]
2025-11-06 15:29:24,069 INFO: Sistema Distribuidor iniciado [in C:\Users\Alphaclin\Documents\SistemaDistribuidor\services\logging_service.py:42]
2025-11-06 15:31:36,951 INFO: Sistema Distribuidor iniciado [in C:\Users\Alphaclin\Documents\SistemaDistribuidor\services\logging_service.py:42]
2025-11-06 15:32:57,741 INFO: Sistema Distribuidor iniciado [in C:\Users\Alphaclin\Documents\SistemaDistribuidor\services\logging_service.py:42]
2025-11-06 15:35:12,310 INFO: Sistema Distribuidor iniciado [in C:\Users\Alphaclin\Documents\SistemaDistribuidor\services\logging_service.py:42]
2025-11-06 15:35:14,220 INFO: Sistema Distribuidor iniciado [in C:\Users\Alphaclin\Documents\SistemaDistribuidor\services\logging_service.py:42]
2025-11-06 15:43:00,608 INFO: Sistema Distribuidor iniciado [in C:\Users\Alphaclin\Documents\SistemaDistribuidor\services\logging_service.py:42]
2025-11-06 15:43:29,676 INFO: Sistema Distribuidor iniciado [in C:\Users\Alphaclin\Documents\SistemaDistribuidor\services\logging_service.py:42]
2025-11-06 15:44:01,819 INFO: Sistema Distribuidor iniciado [in C:\Users\Alphaclin\Documents\SistemaDistribuidor\services\logging_service.py:42]
2025-11-06 15:45:05,341 INFO: Sistema Distribuidor iniciado [in c:\Users\Alphaclin\Documents\SistemaDistribuidor\services\logging_service.py:42]
2025-11-06 15:45:05,356 INFO: Sistema Distribuidor iniciado [in c:\Users\Alphaclin\Documents\SistemaDistribuidor\services\logging_service.py:42]
2025-11-06 15:45:05,356 INFO: Sistema Distribuidor iniciado [in c:\Users\Alphaclin\Documents\SistemaDistribuidor\services\logging_service.py:42]
2025-11-06 15:45:52,708 INFO: Sistema Distribuidor iniciado [in C:\Users\Alphaclin\Documents\SistemaDistribuidor\services\logging_service.py:42]
2025-11-06 15:51:41,273 INFO: Sistema Distribuidor iniciado [in c:\Users\Alphaclin\Documents\SistemaDistribuidor\services\logging_service.py:42]
2025-11-06 15:51:41,289 INFO: Sistema Distribuidor iniciado [in c:\Users\Alphaclin\Documents\SistemaDistribuidor\services\logging_service.py:42]
2025-11-06 15:51:41,289 INFO: Sistema Distribuidor iniciado [in c:\Users\Alphaclin\Documents\SistemaDistribuidor\services\logging_service.py:42]
2025-11-06 15:53:30,522 INFO: Sistema Distribuidor iniciado [in C:\Users\Alphaclin\Documents\SistemaDistribuidor\services\logging_service.py:42]
2025-11-06 15:53:32,704 INFO: Sistema Distribuidor iniciado [in C:\Users\Alphaclin\Documents\SistemaDistribuidor\services\logging_service.py:42]
2025-11-06 15:55:17,057 INFO: Sistema Distribuidor iniciado [in C:\Users\Alphaclin\Documents\SistemaDistribuidor\services\logging_service.py:42]
2025-11-06 15:55:40,768 INFO: Sistema Distribuidor iniciado [in c:\Users\Alphaclin\Documents\SistemaDistribuidor\services\logging_service.py:42]
2025-11-06 15:55:58,733 INFO: Sistema Distribuidor iniciado [in c:\Users\Alphaclin\Documents\SistemaDistribuidor\services\logging_service.py:42]
2025-11-06 16:03:06,386 INFO: Sistema Distribuidor iniciado [in C:\Users\Alphaclin\Documents\SistemaDistribuidor\services\logging_service.py:42]
2025-11-06 16:03:28,538 INFO: Sistema Distribuidor iniciado [in c:\Users\Alphaclin\Documents\SistemaDistribuidor\services\logging_service.py:42]
2025-11-06 16:11:39,127 INFO: Sistema Distribuidor iniciado [in C:\Users\Alphaclin\Documents\SistemaDistribuidor\services\logging_service.py:42]
2025-11-06 16:15:02,365 INFO: Sistema Distribuidor iniciado [in c:\Users\Alphaclin\Documents\SistemaDistribuidor\services\logging_service.py:42]
2025-11-06 16:21:32,152 INFO: Sistema Distribuidor iniciado [in c:\Users\Alphaclin\Documents\SistemaDistribuidor\services\logging_service.py:42]
2025-11-06 16:27:13,306 INFO: Sistema Distribuidor iniciado [in c:\Users\Alphaclin\Documents\SistemaDistribuidor\services\logging_service.py:42]
2025-11-06 16:31:58,386 INFO: Sistema Distribuidor iniciado [in c:\Users\Alphaclin\Documents\SistemaDistribuidor\services\logging_service.py:42]
2025-11-06 16:37:07,573 INFO: Sistema Distribuidor iniciado [in c:\Users\Alphaclin\Documents\SistemaDistribuidor\services\logging_service.py:42]
2025-11-06 16:42:38,367 INFO: Sistema Distribuidor iniciado [in c:\Users\Alphaclin\Documents\SistemaDistribuidor\services\logging_service.py:42]
2025-11-06 16:43:42,542 INFO: Sistema Distribuidor iniciado [in C:\Users\Alphaclin\Documents\SistemaDistribuidor\services\logging_service.py:42]
2025-11-06 16:43:45,004 INFO: Sistema Distribuidor iniciado [in C:\Users\Alphaclin\Documents\SistemaDistribuidor\services\logging_service.py:42]
2025-11-06 16:49:46,189 INFO: Sistema Distribuidor iniciado [in C:\Users\Alphaclin\Documents\SistemaDistribuidor\services\logging_service.py:42]
2025-11-06 16:50:05,387 INFO: Sistema Distribuidor iniciado [in c:\Users\Alphaclin\Documents\SistemaDistribuidor\services\logging_service.py:42]
2025-11-07 06:25:11,452 INFO: Sistema Distribuidor iniciado [in C:\Users\Alphaclin\Documents\SistemaDistribuidor\services\logging_service.py:42]
2025-11-07 06:25:21,420 INFO: Sistema Distribuidor iniciado [in C:\Users\Alphaclin\Documents\SistemaDistribuidor\services\logging_service.py:42]
2025-11-07 06:30:17,480 INFO: Sistema Distribuidor iniciado [in C:\Users\Alphaclin\Documents\SistemaDistribuidor\services\logging_service.py:42]
2025-11-07 06:30:55,910 INFO: Sistema Distribuidor iniciado [in C:\Users\Alphaclin\Documents\SistemaDistribuidor\services\logging_service.py:42]
2025-11-07 06:31:44,427 INFO: Sistema Distribuidor iniciado [in C:\Users\Alphaclin\Documents\SistemaDistribuidor\services\logging_service.py:42]
2025-11-07 06:49:36,151 INFO: Sistema Distribuidor iniciado [in C:\Users\Alphaclin\Documents\SistemaDistribuidor\services\logging_service.py:42]
2025-11-07 06:50:03,528 INFO: Sistema Distribuidor iniciado [in C:\Users\Alphaclin\Documents\SistemaDistribuidor\services\logging_service.py:42]
2025-11-07 06:51:46,282 INFO: Sistema Distribuidor iniciado [in C:\Users\Alphaclin\Documents\SistemaDistribuidor\services\logging_service.py:42]
2025-11-07 06:51:48,127 INFO: Sistema Distribuidor iniciado [in C:\Users\Alphaclin\Documents\SistemaDistribuidor\services\logging_service.py:42]
2025-11-07 06:58:49,411 INFO: Sistema Distribuidor iniciado [in C:\Users\Alphaclin\Documents\SistemaDistribuidor\services\logging_service.py:42]
2025-11-07 06:59:03,859 INFO: Sistema Distribuidor iniciado [in C:\Users\Alphaclin\Documents\SistemaDistribuidor\services\logging_service.py:42]
2025-11-07 07:14:12,488 INFO: Sistema Distribuidor iniciado [in C:\Users\Alphaclin\Documents\SistemaDistribuidor\services\logging_service.py:42]
2025-11-07 07:14:14,339 INFO: Sistema Distribuidor iniciado [in C:\Users\Alphaclin\Documents\SistemaDistribuidor\services\logging_service.py:42]
2025-11-07 07:25:22,066 INFO: Sistema Distribuidor iniciado [in C:\Users\Alphaclin\Documents\SistemaDistribuidor\services\logging_service.py:42]
2025-11-07 07:25:33,016 INFO: Sistema Distribuidor iniciado [in C:\Users\Alphaclin\Documents\SistemaDistribuidor\services\logging_service.py:42]
2025-11-07 07:25:44,011 INFO: Sistema Distribuidor iniciado [in C:\Users\Alphaclin\Documents\SistemaDistribuidor\services\logging_service.py:42]
2025-11-07 07:30:18,033 INFO: Sistema Distribuidor iniciado [in C:\Users\Alphaclin\Documents\SistemaDistribuidor\services\logging_service.py:42]
2025-11-07 08:33:07,789 INFO: Sistema Distribuidor iniciado [in C:\Users\Alphaclin\Documents\SistemaDistribuidor\services\logging_service.py:42]
2025-11-07 08:33:10,350 INFO: Sistema Distribuidor iniciado [in C:\Users\Alphaclin\Documents\SistemaDistribuidor\services\logging_service.py:42]
2025-11-07 08:45:24,870 INFO: Sistema Distribuidor iniciado [in C:\Users\Alphaclin\Documents\SistemaDistribuidor\services\logging_service.py:42]
2025-11-07 08:45:38,936 INFO: Sistema Distribuidor iniciado [in C:\Users\Alphaclin\Documents\SistemaDistribuidor\services\logging_service.py:42]
2025-11-07 08:45:54,012 INFO: Sistema Distribuidor iniciado [in c:\Users\Alphaclin\Documents\SistemaDistribuidor\services\logging_service.py:42]
2025-11-07 08:46:03,953 INFO: Sistema Distribuidor iniciado [in C:\Users\Alphaclin\Documents\SistemaDistribuidor\services\logging_service.py:42]
2025-11-07 08:46:14,942 INFO: Sistema Distribuidor iniciado [in C:\Users\Alphaclin\Documents\SistemaDistribuidor\services\logging_service.py:42]
2025-11-07 08:59:03,657 INFO: Sistema Distribuidor iniciado [in c:\Users\Alphaclin\Documents\SistemaDistribuidor\services\logging_service.py:42]
2025-11-07 08:59:03,740 INFO: Sistema Distribuidor iniciado [in c:\Users\Alphaclin\Documents\SistemaDistribuidor\services\logging_service.py:42]
2025-11-07 08:59:03,740 INFO: Sistema Distribuidor iniciado [in c:\Users\Alphaclin\Documents\SistemaDistribuidor\services\logging_service.py:42]
2025-11-07 08:59:24,419 INFO: Sistema Distribuidor iniciado [in C:\Users\Alphaclin\Documents\SistemaDistribuidor\services\logging_service.py:42]
2025-11-07 08:59:32,281 INFO: Sistema Distribuidor iniciado [in c:\Users\Alphaclin\Documents\SistemaDistribuidor\services\logging_service.py:42]
2025-11-07 08:59:32,339 INFO: Sistema Distribuidor iniciado [in c:\Users\Alphaclin\Documents\SistemaDistribuidor\services\logging_service.py:42]
2025-11-07 08:59:32,339 INFO: Sistema Distribuidor iniciado [in c:\Users\Alphaclin\Documents\SistemaDistribuidor\services\logging_service.py:42]
2025-11-07 08:59:33,502 INFO: Sistema Distribuidor iniciado [in c:\Users\Alphaclin\Documents\SistemaDistribuidor\services\logging_service.py:42]
2025-11-07 08:59:33,502 INFO: Sistema Distribuidor iniciado [in c:\Users\Alphaclin\Documents\SistemaDistribuidor\services\logging_service.py:42]
2025-11-07 08:59:33,502 INFO: Sistema Distribuidor iniciado [in c:\Users\Alphaclin\Documents\SistemaDistribuidor\services\logging_service.py:42]
2025-11-07 08:59:54,197 INFO: Sistema Distribuidor iniciado [in C:\Users\Alphaclin\Documents\SistemaDistribuidor\services\logging_service.py:42]
2025-11-07 09:00:15,746 INFO: Sistema Distribuidor iniciado [in c:\Users\Alphaclin\Documents\SistemaDistribuidor\services\logging_service.py:42]
2025-11-07 09:00:15,803 INFO: Sistema Distribuidor iniciado [in c:\Users\Alphaclin\Documents\SistemaDistribuidor\services\logging_service.py:42]
2025-11-07 09:00:15,803 INFO: Sistema Distribuidor iniciado [in c:\Users\Alphaclin\Documents\SistemaDistribuidor\services\logging_service.py:42]
2025-11-07 09:00:16,942 INFO: Sistema Distribuidor iniciado [in c:\Users\Alphaclin\Documents\SistemaDistribuidor\services\logging_service.py:42]
2025-11-07 09:00:16,942 INFO: Sistema Distribuidor iniciado [in c:\Users\Alphaclin\Documents\SistemaDistribuidor\services\logging_service.py:42]
2025-11-07 09:00:16,942 INFO: Sistema Distribuidor iniciado [in c:\Users\Alphaclin\Documents\SistemaDistribuidor\services\logging_service.py:42]
2025-11-07 09:01:02,263 INFO: Sistema Distribuidor iniciado [in c:\Users\Alphaclin\Documents\SistemaDistribuidor\services\logging_service.py:42]
2025-11-07 09:01:03,471 INFO: Sistema Distribuidor iniciado [in c:\Users\Alphaclin\Documents\SistemaDistribuidor\services\logging_service.py:42]
2025-11-07 09:01:03,471 INFO: Sistema Distribuidor iniciado [in c:\Users\Alphaclin\Documents\SistemaDistribuidor\services\logging_service.py:42]
2025-11-07 09:01:13,342 INFO: Sistema Distribuidor iniciado [in C:\Users\Alphaclin\Documents\SistemaDistribuidor\services\logging_service.py:42]
2025-11-07 09:01:38,951 INFO: Sistema Distribuidor iniciado [in c:\Users\Alphaclin\Documents\SistemaDistribuidor\services\logging_service.py:42]
2025-11-07 09:01:39,003 INFO: Sistema Distribuidor iniciado [in c:\Users\Alphaclin\Documents\SistemaDistribuidor\services\logging_service.py:42]
2025-11-07 09:01:39,003 INFO: Sistema Distribuidor iniciado [in c:\Users\Alphaclin\Documents\SistemaDistribuidor\services\logging_service.py:42]
2025-11-07 09:01:40,205 INFO: Sistema Distribuidor iniciado [in c:\Users\Alphaclin\Documents\SistemaDistribuidor\services\logging_service.py:42]
2025-11-07 09:01:40,205 INFO: Sistema Distribuidor iniciado [in c:\Users\Alphaclin\Documents\SistemaDistribuidor\services\logging_service.py:42]
2025-11-07 09:01:40,205 INFO: Sistema Distribuidor iniciado [in c:\Users\Alphaclin\Documents\SistemaDistribuidor\services\logging_service.py:42]
2025-11-07 09:01:51,497 INFO: Sistema Distribuidor iniciado [in C:\Users\Alphaclin\Documents\SistemaDistribuidor\services\logging_service.py:42]
2025-11-07 09:06:57,472 INFO: Sistema Distribuidor iniciado [in C:\Users\Alphaclin\Documents\SistemaDistribuidor\services\logging_service.py:42]
2025-11-07 09:07:09,189 INFO: Sistema Distribuidor iniciado [in C:\Users\Alphaclin\Documents\SistemaDistribuidor\services\logging_service.py:42]
2025-11-07 09:07:18,945 INFO: Sistema Distribuidor iniciado [in c:\Users\Alphaclin\Documents\SistemaDistribuidor\services\logging_service.py:42]
2025-11-07 09:07:20,201 INFO: Sistema Distribuidor iniciado [in c:\Users\Alphaclin\Documents\SistemaDistribuidor\services\logging_service.py:42]
2025-11-07 09:07:20,201 INFO: Sistema Distribuidor iniciado [in c:\Users\Alphaclin\Documents\SistemaDistribuidor\services\logging_service.py:42]
2025-11-07 09:18:15,991 INFO: Sistema Distribuidor iniciado [in C:\Users\Alphaclin\Documents\SistemaDistribuidor\services\logging_service.py:42]
2025-11-07 09:18:19,333 INFO: Sistema Distribuidor iniciado [in C:\Users\Alphaclin\Documents\SistemaDistribuidor\services\logging_service.py:42]
2025-11-07 14:14:29,983 INFO: Sistema Distribuidor iniciado [in C:\Users\Alphaclin\Documents\SistemaDistribuidor\services\logging_service.py:42]
2025-11-07 14:14:35,567 INFO: Sistema Distribuidor iniciado [in C:\Users\Alphaclin\Documents\SistemaDistribuidor\services\logging_service.py:42]
2025-11-07 14:22:44,714 INFO: Sistema Distribuidor iniciado [in C:\Users\Alphaclin\Documents\SistemaDistribuidor\services\logging_service.py:42]
2025-11-07 14:24:02,390 INFO: Sistema Distribuidor iniciado [in C:\Users\Alphaclin\Documents\SistemaDistribuidor\services\logging_service.py:42]
2025-11-07 14:24:27,471 INFO: Sistema Distribuidor iniciado [in C:\Users\Alphaclin\Documents\SistemaDistribuidor\services\logging_service.py:42]
2025-11-07 14:26:51,572 INFO: Sistema Distribuidor iniciado [in C:\Users\Alphaclin\Documents\SistemaDistribuidor\services\logging_service.py:42]
2025-11-07 14:26:58,199 INFO: Sistema Distribuidor iniciado [in C:\Users\Alphaclin\Documents\SistemaDistribuidor\services\logging_service.py:42]
2025-11-07 14:27:07,130 INFO: Sistema Distribuidor iniciado [in C:\Users\Alphaclin\Documents\SistemaDistribuidor\services\logging_service.py:42]
2025-11-07 14:27:13,698 INFO: Sistema Distribuidor iniciado [in C:\Users\Alphaclin\Documents\SistemaDistribuidor\services\logging_service.py:42]
2025-11-07 14:27:21,537 INFO: Sistema Distribuidor iniciado [in C:\Users\Alphaclin\Documents\SistemaDistribuidor\services\logging_service.py:42]
2025-11-07 14:27:29,413 INFO: Sistema Distribuidor iniciado [in C:\Users\Alphaclin\Documents\SistemaDistribuidor\services\logging_service.py:42]
2025-11-07 14:34:17,587 INFO: Sistema Distribuidor iniciado [in c:\Users\Alphaclin\Documents\SistemaDistribuidor\services\logging_service.py:42]
2025-11-07 14:34:19,753 INFO: Sistema Distribuidor iniciado [in c:\Users\Alphaclin\Documents\SistemaDistribuidor\services\logging_service.py:42]
2025-11-07 14:34:19,753 INFO: Sistema Distribuidor iniciado [in c:\Users\Alphaclin\Documents\SistemaDistribuidor\services\logging_service.py:42]
2025-11-07 14:47:28,763 INFO: Sistema Distribuidor iniciado [in c:\Users\Alphaclin\Documents\SistemaDistribuidor\services\logging_service.py:42]
2025-11-07 14:47:41,788 INFO: Sistema Distribuidor iniciado [in c:\Users\Alphaclin\Documents\SistemaDistribuidor\services\logging_service.py:42]
2025-11-07 14:48:04,327 INFO: Sistema Distribuidor iniciado [in C:\Users\Alphaclin\Documents\SistemaDistribuidor\services\logging_service.py:42]
2025-11-07 14:48:18,337 INFO: Sistema Distribuidor iniciado [in C:\Users\Alphaclin\Documents\SistemaDistribuidor\services\logging_service.py:42]
2025-11-07 14:48:36,147 INFO: Sistema Distribuidor iniciado [in c:\Users\Alphaclin\Documents\SistemaDistribuidor\services\logging_service.py:42]
2025-11-07 14:48:46,090 INFO: Sistema Distribuidor iniciado [in C:\Users\Alphaclin\Documents\SistemaDistribuidor\services\logging_service.py:42]
2025-11-07 14:48:52,678 INFO: Sistema Distribuidor iniciado [in C:\Users\Alphaclin\Documents\SistemaDistribuidor\services\logging_service.py:42]
2025-11-07 14:49:12,738 INFO: Sistema Distribuidor iniciado [in c:\Users\Alphaclin\Documents\SistemaDistribuidor\services\logging_service.py:42]
2025-11-07 14:49:30,333 INFO: Sistema Distribuidor iniciado [in c:\Users\Alphaclin\Documents\SistemaDistribuidor\services\logging_service.py:42]
2025-11-07 14:49:42,623 INFO: Sistema Distribuidor iniciado [in c:\Users\Alphaclin\Documents\SistemaDistribuidor\services\logging_service.py:42]
2025-11-07 14:49:52,346 INFO: Sistema Distribuidor iniciado [in c:\Users\Alphaclin\Documents\SistemaDistribuidor\services\logging_service.py:42]
2025-11-07 14:50:03,855 INFO: Sistema Distribuidor iniciado [in c:\Users\Alphaclin\Documents\SistemaDistribuidor\services\logging_service.py:42]
2025-11-07 14:50:13,288 INFO: Sistema Distribuidor iniciado [in c:\Users\Alphaclin\Documents\SistemaDistribuidor\services\logging_service.py:42]
2025-11-07 14:58:13,466 INFO: Sistema Distribuidor iniciado [in c:\Users\Alphaclin\Documents\SistemaDistribuidor\services\logging_service.py:42]
2025-11-07 14:59:53,916 INFO: Sistema Distribuidor iniciado [in c:\Users\Alphaclin\Documents\SistemaDistribuidor\services\logging_service.py:42]
2025-11-07 15:00:44,615 INFO: Sistema Distribuidor iniciado [in c:\Users\Alphaclin\Documents\SistemaDistribuidor\services\logging_service.py:42]
2025-11-07 16:01:45,836 INFO: Sistema Distribuidor iniciado [in c:\Users\Alphaclin\Documents\SistemaDistribuidor\services\logging_service.py:42]
2025-11-07 16:01:47,976 INFO: Sistema Distribuidor iniciado [in c:\Users\Alphaclin\Documents\SistemaDistribuidor\services\logging_service.py:42]
2025-11-07 16:01:47,976 INFO: Sistema Distribuidor iniciado [in c:\Users\Alphaclin\Documents\SistemaDistribuidor\services\logging_service.py:42]
2025-11-07 16:04:47,814 INFO: Sistema Distribuidor iniciado [in C:\Users\Alphaclin\Documents\SistemaDistribuidor\services\logging_service.py:42]
2025-11-07 16:04:55,335 INFO: Sistema Distribuidor iniciado [in c:\Users\Alphaclin\Documents\SistemaDistribuidor\services\logging_service.py:42]
2025-11-07 16:04:56,531 INFO: Sistema Distribuidor iniciado [in c:\Users\Alphaclin\Documents\SistemaDistribuidor\services\logging_service.py:42]
2025-11-07 16:04:56,531 INFO: Sistema Distribuidor iniciado [in c:\Users\Alphaclin\Documents\SistemaDistribuidor\services\logging_service.py:42]
2025-11-07 16:05:16,091 INFO: Sistema Distribuidor iniciado [in C:\Users\Alphaclin\Documents\SistemaDistribuidor\services\logging_service.py:42]
2025-11-07 16:09:52,721 INFO: Sistema Distribuidor iniciado [in C:\Users\Alphaclin\Documents\SistemaDistribuidor\services\logging_service.py:42]
2025-11-07 16:10:35,410 INFO: Sistema Distribuidor iniciado [in c:\Users\Alphaclin\Documents\SistemaDistribuidor\services\logging_service.py:42]
2025-11-07 16:10:36,597 INFO: Sistema Distribuidor iniciado [in c:\Users\Alphaclin\Documents\SistemaDistribuidor\services\logging_service.py:42]
2025-11-07 16:10:36,597 INFO: Sistema Distribuidor iniciado [in c:\Users\Alphaclin\Documents\SistemaDistribuidor\services\logging_service.py:42]
2025-11-07 16:11:35,433 INFO: Sistema Distribuidor iniciado [in C:\Users\Alphaclin\Documents\SistemaDistribuidor\services\logging_service.py:42]
2025-11-07 16:11:37,329 INFO: Sistema Distribuidor iniciado [in C:\Users\Alphaclin\Documents\SistemaDistribuidor\services\logging_service.py:42]
2025-11-07 16:15:02,893 INFO: Sistema Distribuidor iniciado [in C:\Users\Alphaclin\Documents\SistemaDistribuidor\services\logging_service.py:42]
2025-11-07 16:15:04,748 INFO: Sistema Distribuidor iniciado [in C:\Users\Alphaclin\Documents\SistemaDistribuidor\services\logging_service.py:42]
2025-11-07 16:30:22,225 INFO: Sistema Distribuidor iniciado [in C:\Users\Alphaclin\Documents\SistemaDistribuidor\services\logging_service.py:42]
2025-11-07 16:30:24,452 INFO: Sistema Distribuidor iniciado [in C:\Users\Alphaclin\Documents\SistemaDistribuidor\services\logging_service.py:42]
2025-11-07 16:30:43,271 INFO: User 1 (admin@distribuidor.com) accessing admin dashboard [in C:\Users\Alphaclin\Documents\SistemaDistribuidor\routes\admin_public.py:632]
2025-11-07 16:30:43,272 INFO: User role: admin [in C:\Users\Alphaclin\Documents\SistemaDistribuidor\routes\admin_public.py:633]
2025-11-07 16:30:43,272 INFO: User authorized, proceeding to render dashboard [in C:\Users\Alphaclin\Documents\SistemaDistribuidor\routes\admin_public.py:640]
2025-11-07 16:30:43,305 INFO: Stats: {'company_settings': 1, 'public_content': 1, 'media_files': 1, 'content_versions': 1, 'recent_audit': [<AuditLog 2>, <AuditLog 1>]} [in C:\Users\Alphaclin\Documents\SistemaDistribuidor\routes\admin_public.py:651]
2025-11-07 16:30:43,311 INFO: Content stats: {'hero': 1, 'features': 0, 'about': 0, 'contact': 0, 'footer': 0} [in C:\Users\Alphaclin\Documents\SistemaDistribuidor\routes\admin_public.py:661]
2025-11-07 16:30:43,311 INFO: Rendering admin_public/dashboard/index.html [in C:\Users\Alphaclin\Documents\SistemaDistribuidor\routes\admin_public.py:663]
2025-11-07 16:30:48,118 INFO: User 1 (admin@distribuidor.com) accessing admin dashboard [in C:\Users\Alphaclin\Documents\SistemaDistribuidor\routes\admin_public.py:632]
2025-11-07 16:30:48,119 INFO: User role: admin [in C:\Users\Alphaclin\Documents\SistemaDistribuidor\routes\admin_public.py:633]
2025-11-07 16:30:48,120 INFO: User authorized, proceeding to render dashboard [in C:\Users\Alphaclin\Documents\SistemaDistribuidor\routes\admin_public.py:640]
2025-11-07 16:30:48,127 INFO: Stats: {'company_settings': 1, 'public_content': 1, 'media_files': 1, 'content_versions': 1, 'recent_audit': [<AuditLog 2>, <AuditLog 1>]} [in C:\Users\Alphaclin\Documents\SistemaDistribuidor\routes\admin_public.py:651]
2025-11-07 16:30:48,134 INFO: Content stats: {'hero': 1, 'features': 0, 'about': 0, 'contact': 0, 'footer': 0} [in C:\Users\Alphaclin\Documents\SistemaDistribuidor\routes\admin_public.py:661]
2025-11-07 16:30:48,134 INFO: Rendering admin_public/dashboard/index.html [in C:\Users\Alphaclin\Documents\SistemaDistribuidor\routes\admin_public.py:663]
2025-11-07 16:32:28,005 INFO: User 1 (admin@distribuidor.com) accessing admin dashboard [in C:\Users\Alphaclin\Documents\SistemaDistribuidor\routes\admin_public.py:632]
2025-11-07 16:32:28,006 INFO: User role: admin [in C:\Users\Alphaclin\Documents\SistemaDistribuidor\routes\admin_public.py:633]
2025-11-07 16:32:28,006 INFO: User authorized, proceeding to render dashboard [in C:\Users\Alphaclin\Documents\SistemaDistribuidor\routes\admin_public.py:640]
2025-11-07 16:32:28,011 INFO: Stats: {'company_settings': 1, 'public_content': 1, 'media_files': 1, 'content_versions': 1, 'recent_audit': [<AuditLog 2>, <AuditLog 1>]} [in C:\Users\Alphaclin\Documents\SistemaDistribuidor\routes\admin_public.py:651]
2025-11-07 16:32:28,019 INFO: Content stats: {'hero': 1, 'features': 0, 'about': 0, 'contact': 0, 'footer': 0} [in C:\Users\Alphaclin\Documents\SistemaDistribuidor\routes\admin_public.py:661]
2025-11-07 16:32:28,020 INFO: Rendering admin_public/dashboard/index.html [in C:\Users\Alphaclin\Documents\SistemaDistribuidor\routes\admin_public.py:663]
2025-11-07 16:33:48,974 INFO: User 1 (admin@distribuidor.com) accessing admin dashboard [in C:\Users\Alphaclin\Documents\SistemaDistribuidor\routes\admin_public.py:632]
2025-11-07 16:33:48,975 INFO: User role: admin [in C:\Users\Alphaclin\Documents\SistemaDistribuidor\routes\admin_public.py:633]
2025-11-07 16:33:48,975 INFO: User authorized, proceeding to render dashboard [in C:\Users\Alphaclin\Documents\SistemaDistribuidor\routes\admin_public.py:640]
2025-11-07 16:33:48,979 INFO: Stats: {'company_settings': 1, 'public_content': 1, 'media_files': 1, 'content_versions': 1, 'recent_audit': [<AuditLog 2>, <AuditLog 1>]} [in C:\Users\Alphaclin\Documents\SistemaDistribuidor\routes\admin_public.py:651]
2025-11-07 16:33:48,986 INFO: Content stats: {'hero': 1, 'features': 0, 'about': 0, 'contact': 0, 'footer': 0} [in C:\Users\Alphaclin\Documents\SistemaDistribuidor\routes\admin_public.py:661]
2025-11-07 16:33:48,986 INFO: Rendering admin_public/dashboard/index.html [in C:\Users\Alphaclin\Documents\SistemaDistribuidor\routes\admin_public.py:663]
2025-11-07 16:33:50,118 INFO: User 1 (admin@distribuidor.com) accessing admin dashboard [in C:\Users\Alphaclin\Documents\SistemaDistribuidor\routes\admin_public.py:632]
2025-11-07 16:33:50,119 INFO: User role: admin [in C:\Users\Alphaclin\Documents\SistemaDistribuidor\routes\admin_public.py:633]
2025-11-07 16:33:50,119 INFO: User authorized, proceeding to render dashboard [in C:\Users\Alphaclin\Documents\SistemaDistribuidor\routes\admin_public.py:640]
2025-11-07 16:33:50,122 INFO: Stats: {'company_settings': 1, 'public_content': 1, 'media_files': 1, 'content_versions': 1, 'recent_audit': [<AuditLog 2>, <AuditLog 1>]} [in C:\Users\Alphaclin\Documents\SistemaDistribuidor\routes\admin_public.py:651]
2025-11-07 16:33:50,133 INFO: Content stats: {'hero': 1, 'features': 0, 'about': 0, 'contact': 0, 'footer': 0} [in C:\Users\Alphaclin\Documents\SistemaDistribuidor\routes\admin_public.py:661]
2025-11-07 16:33:50,134 INFO: Rendering admin_public/dashboard/index.html [in C:\Users\Alphaclin\Documents\SistemaDistribuidor\routes\admin_public.py:663]
2025-11-07 16:35:25,833 INFO: User 1 (admin@distribuidor.com) accessing admin dashboard [in C:\Users\Alphaclin\Documents\SistemaDistribuidor\routes\admin_public.py:632]
2025-11-07 16:35:25,833 INFO: User role: admin [in C:\Users\Alphaclin\Documents\SistemaDistribuidor\routes\admin_public.py:633]
2025-11-07 16:35:25,833 INFO: User authorized, proceeding to render dashboard [in C:\Users\Alphaclin\Documents\SistemaDistribuidor\routes\admin_public.py:640]
2025-11-07 16:35:25,837 INFO: Stats: {'company_settings': 1, 'public_content': 1, 'media_files': 1, 'content_versions': 1, 'recent_audit': [<AuditLog 2>, <AuditLog 1>]} [in C:\Users\Alphaclin\Documents\SistemaDistribuidor\routes\admin_public.py:651]
2025-11-07 16:35:25,847 INFO: Content stats: {'hero': 1, 'features': 0, 'about': 0, 'contact': 0, 'footer': 0} [in C:\Users\Alphaclin\Documents\SistemaDistribuidor\routes\admin_public.py:661]
2025-11-07 16:35:25,847 INFO: Rendering admin_public/dashboard/index.html [in C:\Users\Alphaclin\Documents\SistemaDistribuidor\routes\admin_public.py:663]
2025-11-07 16:35:26,733 INFO: User 1 (admin@distribuidor.com) accessing admin dashboard [in C:\Users\Alphaclin\Documents\SistemaDistribuidor\routes\admin_public.py:632]
2025-11-07 16:35:26,734 INFO: User role: admin [in C:\Users\Alphaclin\Documents\SistemaDistribuidor\routes\admin_public.py:633]
2025-11-07 16:35:26,734 INFO: User authorized, proceeding to render dashboard [in C:\Users\Alphaclin\Documents\SistemaDistribuidor\routes\admin_public.py:640]
2025-11-07 16:35:26,737 INFO: Stats: {'company_settings': 1, 'public_content': 1, 'media_files': 1, 'content_versions': 1, 'recent_audit': [<AuditLog 2>, <AuditLog 1>]} [in C:\Users\Alphaclin\Documents\SistemaDistribuidor\routes\admin_public.py:651]
2025-11-07 16:35:26,742 INFO: Content stats: {'hero': 1, 'features': 0, 'about': 0, 'contact': 0, 'footer': 0} [in C:\Users\Alphaclin\Documents\SistemaDistribuidor\routes\admin_public.py:661]
2025-11-07 16:35:26,742 INFO: Rendering admin_public/dashboard/index.html [in C:\Users\Alphaclin\Documents\SistemaDistribuidor\routes\admin_public.py:663]
2025-11-07 16:35:27,502 INFO: User 1 (admin@distribuidor.com) accessing admin dashboard [in C:\Users\Alphaclin\Documents\SistemaDistribuidor\routes\admin_public.py:632]
2025-11-07 16:35:27,502 INFO: User role: admin [in C:\Users\Alphaclin\Documents\SistemaDistribuidor\routes\admin_public.py:633]
2025-11-07 16:35:27,502 INFO: User authorized, proceeding to render dashboard [in C:\Users\Alphaclin\Documents\SistemaDistribuidor\routes\admin_public.py:640]
2025-11-07 16:35:27,505 INFO: Stats: {'company_settings': 1, 'public_content': 1, 'media_files': 1, 'content_versions': 1, 'recent_audit': [<AuditLog 2>, <AuditLog 1>]} [in C:\Users\Alphaclin\Documents\SistemaDistribuidor\routes\admin_public.py:651]
2025-11-07 16:35:27,512 INFO: Content stats: {'hero': 1, 'features': 0, 'about': 0, 'contact': 0, 'footer': 0} [in C:\Users\Alphaclin\Documents\SistemaDistribuidor\routes\admin_public.py:661]
2025-11-07 16:35:27,512 INFO: Rendering admin_public/dashboard/index.html [in C:\Users\Alphaclin\Documents\SistemaDistribuidor\routes\admin_public.py:663]
2025-11-07 16:36:28,660 INFO: Sistema Distribuidor iniciado [in C:\Users\Alphaclin\Documents\SistemaDistribuidor\services\logging_service.py:42]
2025-11-07 16:38:02,907 INFO: User 1 (admin@distribuidor.com) accessing admin dashboard [in C:\Users\Alphaclin\Documents\SistemaDistribuidor\routes\admin_public.py:648]
2025-11-07 16:38:02,907 INFO: User role: admin [in C:\Users\Alphaclin\Documents\SistemaDistribuidor\routes\admin_public.py:649]
2025-11-07 16:38:02,908 INFO: User authorized, proceeding to render dashboard [in C:\Users\Alphaclin\Documents\SistemaDistribuidor\routes\admin_public.py:656]
2025-11-07 16:38:02,995 INFO: Stats: {'company_settings': 1, 'public_content': 1, 'media_files': 1, 'content_versions': 1, 'recent_audit': [<AuditLog 2>, <AuditLog 1>]} [in C:\Users\Alphaclin\Documents\SistemaDistribuidor\routes\admin_public.py:667]
2025-11-07 16:38:03,003 INFO: Content stats: {'hero': 1, 'features': 0, 'about': 0, 'contact': 0, 'footer': 0} [in C:\Users\Alphaclin\Documents\SistemaDistribuidor\routes\admin_public.py:677]
2025-11-07 16:38:03,004 INFO: Rendering admin_public/dashboard/index.html [in C:\Users\Alphaclin\Documents\SistemaDistribuidor\routes\admin_public.py:679]
2025-11-07 16:39:25,170 INFO: Sistema Distribuidor iniciado [in C:\Users\Alphaclin\Documents\SistemaDistribuidor\services\logging_service.py:42]
2025-11-07 16:40:15,786 INFO: Sistema Distribuidor iniciado [in C:\Users\Alphaclin\Documents\SistemaDistribuidor\services\logging_service.py:42]
2025-11-07 16:40:34,154 INFO: User 1 (admin@distribuidor.com) accessing admin dashboard [in C:\Users\Alphaclin\Documents\SistemaDistribuidor\routes\admin_public.py:648]
2025-11-07 16:40:34,155 INFO: User role: admin [in C:\Users\Alphaclin\Documents\SistemaDistribuidor\routes\admin_public.py:649]
2025-11-07 16:40:34,155 INFO: User authorized, proceeding to render dashboard [in C:\Users\Alphaclin\Documents\SistemaDistribuidor\routes\admin_public.py:656]
2025-11-07 16:40:34,248 INFO: Stats: {'company_settings': 1, 'public_content': 1, 'media_files': 1, 'content_versions': 1, 'recent_audit': [<AuditLog 2>, <AuditLog 1>]} [in C:\Users\Alphaclin\Documents\SistemaDistribuidor\routes\admin_public.py:667]
2025-11-07 16:40:34,258 INFO: Content stats: {'hero': 1, 'features': 0, 'about': 0, 'contact': 0, 'footer': 0} [in C:\Users\Alphaclin\Documents\SistemaDistribuidor\routes\admin_public.py:677]
2025-11-07 16:40:34,259 INFO: Rendering admin_public/dashboard/index.html [in C:\Users\Alphaclin\Documents\SistemaDistribuidor\routes\admin_public.py:679]
2025-11-07 16:41:23,263 INFO: User 1 (admin@distribuidor.com) accessing admin dashboard [in C:\Users\Alphaclin\Documents\SistemaDistribuidor\routes\admin_public.py:648]
2025-11-07 16:41:23,264 INFO: User role: admin [in C:\Users\Alphaclin\Documents\SistemaDistribuidor\routes\admin_public.py:649]
2025-11-07 16:41:23,267 INFO: User authorized, proceeding to render dashboard [in C:\Users\Alphaclin\Documents\SistemaDistribuidor\routes\admin_public.py:656]
2025-11-07 16:41:23,271 INFO: Stats: {'company_settings': 1, 'public_content': 1, 'media_files': 1, 'content_versions': 1, 'recent_audit': [<AuditLog 2>, <AuditLog 1>]} [in C:\Users\Alphaclin\Documents\SistemaDistribuidor\routes\admin_public.py:667]
2025-11-07 16:41:23,277 INFO: Content stats: {'hero': 1, 'features': 0, 'about': 0, 'contact': 0, 'footer': 0} [in C:\Users\Alphaclin\Documents\SistemaDistribuidor\routes\admin_public.py:677]
2025-11-07 16:41:23,277 INFO: Rendering admin_public/dashboard/index.html [in C:\Users\Alphaclin\Documents\SistemaDistribuidor\routes\admin_public.py:679]
2025-11-07 16:44:07,559 INFO: User 1 (admin@distribuidor.com) accessing admin dashboard [in C:\Users\Alphaclin\Documents\SistemaDistribuidor\routes\admin_public.py:648]
2025-11-07 16:44:07,559 INFO: User role: admin [in C:\Users\Alphaclin\Documents\SistemaDistribuidor\routes\admin_public.py:649]
2025-11-07 16:44:07,560 INFO: User authorized, proceeding to render dashboard [in C:\Users\Alphaclin\Documents\SistemaDistribuidor\routes\admin_public.py:656]
2025-11-07 16:44:07,563 INFO: Stats: {'company_settings': 1, 'public_content': 1, 'media_files': 1, 'content_versions': 1, 'recent_audit': [<AuditLog 2>, <AuditLog 1>]} [in C:\Users\Alphaclin\Documents\SistemaDistribuidor\routes\admin_public.py:667]
2025-11-07 16:44:07,568 INFO: Content stats: {'hero': 1, 'features': 0, 'about': 0, 'contact': 0, 'footer': 0} [in C:\Users\Alphaclin\Documents\SistemaDistribuidor\routes\admin_public.py:677]
2025-11-07 16:44:07,569 INFO: Rendering admin_public/dashboard/index.html [in C:\Users\Alphaclin\Documents\SistemaDistribuidor\routes\admin_public.py:679]
2025-11-07 16:44:09,388 INFO: User 1 (admin@distribuidor.com) accessing admin dashboard [in C:\Users\Alphaclin\Documents\SistemaDistribuidor\routes\admin_public.py:648]
2025-11-07 16:44:09,388 INFO: User role: admin [in C:\Users\Alphaclin\Documents\SistemaDistribuidor\routes\admin_public.py:649]
2025-11-07 16:44:09,389 INFO: User authorized, proceeding to render dashboard [in C:\Users\Alphaclin\Documents\SistemaDistribuidor\routes\admin_public.py:656]
2025-11-07 16:44:09,398 INFO: Stats: {'company_settings': 1, 'public_content': 1, 'media_files': 1, 'content_versions': 1, 'recent_audit': [<AuditLog 2>, <AuditLog 1>]} [in C:\Users\Alphaclin\Documents\SistemaDistribuidor\routes\admin_public.py:667]
2025-11-07 16:44:09,407 INFO: Content stats: {'hero': 1, 'features': 0, 'about': 0, 'contact': 0, 'footer': 0} [in C:\Users\Alphaclin\Documents\SistemaDistribuidor\routes\admin_public.py:677]
2025-11-07 16:44:09,407 INFO: Rendering admin_public/dashboard/index.html [in C:\Users\Alphaclin\Documents\SistemaDistribuidor\routes\admin_public.py:679]
2025-11-07 16:44:10,412 INFO: User 1 (admin@distribuidor.com) accessing admin dashboard [in C:\Users\Alphaclin\Documents\SistemaDistribuidor\routes\admin_public.py:648]
2025-11-07 16:44:10,413 INFO: User role: admin [in C:\Users\Alphaclin\Documents\SistemaDistribuidor\routes\admin_public.py:649]
2025-11-07 16:44:10,413 INFO: User authorized, proceeding to render dashboard [in C:\Users\Alphaclin\Documents\SistemaDistribuidor\routes\admin_public.py:656]
2025-11-07 16:44:10,416 INFO: Stats: {'company_settings': 1, 'public_content': 1, 'media_files': 1, 'content_versions': 1, 'recent_audit': [<AuditLog 2>, <AuditLog 1>]} [in C:\Users\Alphaclin\Documents\SistemaDistribuidor\routes\admin_public.py:667]
2025-11-07 16:44:10,422 INFO: Content stats: {'hero': 1, 'features': 0, 'about': 0, 'contact': 0, 'footer': 0} [in C:\Users\Alphaclin\Documents\SistemaDistribuidor\routes\admin_public.py:677]
2025-11-07 16:44:10,423 INFO: Rendering admin_public/dashboard/index.html [in C:\Users\Alphaclin\Documents\SistemaDistribuidor\routes\admin_public.py:679]
2025-11-07 16:44:12,485 INFO: User 1 (admin@distribuidor.com) accessing admin dashboard [in C:\Users\Alphaclin\Documents\SistemaDistribuidor\routes\admin_public.py:648]
2025-11-07 16:44:12,486 INFO: User role: admin [in C:\Users\Alphaclin\Documents\SistemaDistribuidor\routes\admin_public.py:649]
2025-11-07 16:44:12,487 INFO: User authorized, proceeding to render dashboard [in C:\Users\Alphaclin\Documents\SistemaDistribuidor\routes\admin_public.py:656]
2025-11-07 16:44:12,490 INFO: Stats: {'company_settings': 1, 'public_content': 1, 'media_files': 1, 'content_versions': 1, 'recent_audit': [<AuditLog 2>, <AuditLog 1>]} [in C:\Users\Alphaclin\Documents\SistemaDistribuidor\routes\admin_public.py:667]
2025-11-07 16:44:12,497 INFO: Content stats: {'hero': 1, 'features': 0, 'about': 0, 'contact': 0, 'footer': 0} [in C:\Users\Alphaclin\Documents\SistemaDistribuidor\routes\admin_public.py:677]
2025-11-07 16:44:12,498 INFO: Rendering admin_public/dashboard/index.html [in C:\Users\Alphaclin\Documents\SistemaDistribuidor\routes\admin_public.py:679]
2025-11-07 16:44:28,434 INFO: Sistema Distribuidor iniciado [in C:\Users\Alphaclin\Documents\SistemaDistribuidor\services\logging_service.py:42]
2025-11-07 16:44:30,324 INFO: Sistema Distribuidor iniciado [in C:\Users\Alphaclin\Documents\SistemaDistribuidor\services\logging_service.py:42]
2025-11-07 16:44:52,369 INFO: User 1 (admin@distribuidor.com) accessing admin dashboard [in C:\Users\Alphaclin\Documents\SistemaDistribuidor\routes\admin_public.py:648]
2025-11-07 16:44:52,369 INFO: User role: admin [in C:\Users\Alphaclin\Documents\SistemaDistribuidor\routes\admin_public.py:649]
2025-11-07 16:44:52,369 INFO: User authorized, proceeding to render dashboard [in C:\Users\Alphaclin\Documents\SistemaDistribuidor\routes\admin_public.py:656]
2025-11-07 16:44:52,395 INFO: Stats: {'company_settings': 1, 'public_content': 1, 'media_files': 1, 'content_versions': 1, 'recent_audit': [<AuditLog 2>, <AuditLog 1>]} [in C:\Users\Alphaclin\Documents\SistemaDistribuidor\routes\admin_public.py:667]
2025-11-07 16:44:52,403 INFO: Content stats: {'hero': 1, 'features': 0, 'about': 0, 'contact': 0, 'footer': 0} [in C:\Users\Alphaclin\Documents\SistemaDistribuidor\routes\admin_public.py:677]
2025-11-07 16:44:52,403 INFO: Rendering admin_public/dashboard/index.html [in C:\Users\Alphaclin\Documents\SistemaDistribuidor\routes\admin_public.py:679]
2025-11-07 16:48:32,049 INFO: User 1 (admin@distribuidor.com) accessing admin dashboard [in C:\Users\Alphaclin\Documents\SistemaDistribuidor\routes\admin_public.py:648]
2025-11-07 16:48:32,050 INFO: User role: admin [in C:\Users\Alphaclin\Documents\SistemaDistribuidor\routes\admin_public.py:649]
2025-11-07 16:48:32,051 INFO: User authorized, proceeding to render dashboard [in C:\Users\Alphaclin\Documents\SistemaDistribuidor\routes\admin_public.py:656]
2025-11-07 16:48:32,056 INFO: Stats: {'company_settings': 1, 'public_content': 1, 'media_files': 1, 'content_versions': 1, 'recent_audit': [<AuditLog 2>, <AuditLog 1>]} [in C:\Users\Alphaclin\Documents\SistemaDistribuidor\routes\admin_public.py:667]
2025-11-07 16:48:32,061 INFO: Content stats: {'hero': 1, 'features': 0, 'about': 0, 'contact': 0, 'footer': 0} [in C:\Users\Alphaclin\Documents\SistemaDistribuidor\routes\admin_public.py:677]
2025-11-07 16:48:32,062 INFO: Rendering admin_public/dashboard/index.html [in C:\Users\Alphaclin\Documents\SistemaDistribuidor\routes\admin_public.py:679]
2025-11-07 16:48:33,271 INFO: User 1 (admin@distribuidor.com) accessing admin dashboard [in C:\Users\Alphaclin\Documents\SistemaDistribuidor\routes\admin_public.py:648]
2025-11-07 16:48:33,272 INFO: User role: admin [in C:\Users\Alphaclin\Documents\SistemaDistribuidor\routes\admin_public.py:649]
2025-11-07 16:48:33,272 INFO: User authorized, proceeding to render dashboard [in C:\Users\Alphaclin\Documents\SistemaDistribuidor\routes\admin_public.py:656]
2025-11-07 16:48:33,279 INFO: Stats: {'company_settings': 1, 'public_content': 1, 'media_files': 1, 'content_versions': 1, 'recent_audit': [<AuditLog 2>, <AuditLog 1>]} [in C:\Users\Alphaclin\Documents\SistemaDistribuidor\routes\admin_public.py:667]
2025-11-07 16:48:33,288 INFO: Content stats: {'hero': 1, 'features': 0, 'about': 0, 'contact': 0, 'footer': 0} [in C:\Users\Alphaclin\Documents\SistemaDistribuidor\routes\admin_public.py:677]
2025-11-07 16:48:33,290 INFO: Rendering admin_public/dashboard/index.html [in C:\Users\Alphaclin\Documents\SistemaDistribuidor\routes\admin_public.py:679]
2025-11-07 16:48:34,873 INFO: User 1 (admin@distribuidor.com) accessing admin dashboard [in C:\Users\Alphaclin\Documents\SistemaDistribuidor\routes\admin_public.py:648]
2025-11-07 16:48:34,874 INFO: User role: admin [in C:\Users\Alphaclin\Documents\SistemaDistribuidor\routes\admin_public.py:649]
2025-11-07 16:48:34,874 INFO: User authorized, proceeding to render dashboard [in C:\Users\Alphaclin\Documents\SistemaDistribuidor\routes\admin_public.py:656]
2025-11-07 16:48:34,878 INFO: Stats: {'company_settings': 1, 'public_content': 1, 'media_files': 1, 'content_versions': 1, 'recent_audit': [<AuditLog 2>, <AuditLog 1>]} [in C:\Users\Alphaclin\Documents\SistemaDistribuidor\routes\admin_public.py:667]
2025-11-07 16:48:34,883 INFO: Content stats: {'hero': 1, 'features': 0, 'about': 0, 'contact': 0, 'footer': 0} [in C:\Users\Alphaclin\Documents\SistemaDistribuidor\routes\admin_public.py:677]
2025-11-07 16:48:34,887 INFO: Rendering admin_public/dashboard/index.html [in C:\Users\Alphaclin\Documents\SistemaDistribuidor\routes\admin_public.py:679]
2025-11-07 16:48:49,338 INFO: Sistema Distribuidor iniciado [in C:\Users\Alphaclin\Documents\SistemaDistribuidor\services\logging_service.py:42]
2025-11-07 16:48:51,461 INFO: Sistema Distribuidor iniciado [in C:\Users\Alphaclin\Documents\SistemaDistribuidor\services\logging_service.py:42]
2025-11-07 16:49:01,283 INFO: User 1 (admin@distribuidor.com) accessing admin dashboard [in C:\Users\Alphaclin\Documents\SistemaDistribuidor\routes\admin_public.py:648]
2025-11-07 16:49:01,283 INFO: User role: admin [in C:\Users\Alphaclin\Documents\SistemaDistribuidor\routes\admin_public.py:649]
2025-11-07 16:49:01,284 INFO: User authorized, proceeding to render dashboard [in C:\Users\Alphaclin\Documents\SistemaDistribuidor\routes\admin_public.py:656]
2025-11-07 16:49:01,305 INFO: Stats: {'company_settings': 1, 'public_content': 1, 'media_files': 1, 'content_versions': 1, 'recent_audit': [<AuditLog 2>, <AuditLog 1>]} [in C:\Users\Alphaclin\Documents\SistemaDistribuidor\routes\admin_public.py:667]
2025-11-07 16:49:01,310 INFO: Content stats: {'hero': 1, 'features': 0, 'about': 0, 'contact': 0, 'footer': 0} [in C:\Users\Alphaclin\Documents\SistemaDistribuidor\routes\admin_public.py:677]
2025-11-07 16:49:01,310 INFO: Rendering admin_public/dashboard/index.html [in C:\Users\Alphaclin\Documents\SistemaDistribuidor\routes\admin_public.py:679]
2025-11-07 16:49:18,783 INFO: User 1 (admin@distribuidor.com) accessing admin dashboard [in C:\Users\Alphaclin\Documents\SistemaDistribuidor\routes\admin_public.py:648]
2025-11-07 16:49:18,784 INFO: User role: admin [in C:\Users\Alphaclin\Documents\SistemaDistribuidor\routes\admin_public.py:649]
2025-11-07 16:49:18,784 INFO: User authorized, proceeding to render dashboard [in C:\Users\Alphaclin\Documents\SistemaDistribuidor\routes\admin_public.py:656]
2025-11-07 16:49:18,792 INFO: Stats: {'company_settings': 1, 'public_content': 1, 'media_files': 1, 'content_versions': 1, 'recent_audit': [<AuditLog 2>, <AuditLog 1>]} [in C:\Users\Alphaclin\Documents\SistemaDistribuidor\routes\admin_public.py:667]
2025-11-07 16:49:18,802 INFO: Content stats: {'hero': 1, 'features': 0, 'about': 0, 'contact': 0, 'footer': 0} [in C:\Users\Alphaclin\Documents\SistemaDistribuidor\routes\admin_public.py:677]
2025-11-07 16:49:18,803 INFO: Rendering admin_public/dashboard/index.html [in C:\Users\Alphaclin\Documents\SistemaDistribuidor\routes\admin_public.py:679]
2025-11-07 16:55:51,127 INFO: Sistema Distribuidor iniciado [in C:\Users\Alphaclin\Documents\SistemaDistribuidor\services\logging_service.py:42]
2025-11-07 16:55:53,523 INFO: Sistema Distribuidor iniciado [in C:\Users\Alphaclin\Documents\SistemaDistribuidor\services\logging_service.py:42]
2025-11-07 16:56:37,015 INFO: User 1 (admin@distribuidor.com) accessing admin dashboard [in C:\Users\Alphaclin\Documents\SistemaDistribuidor\routes\admin_public.py:648]
2025-11-07 16:56:37,018 INFO: User role: admin [in C:\Users\Alphaclin\Documents\SistemaDistribuidor\routes\admin_public.py:649]
2025-11-07 16:56:37,021 INFO: User authorized, proceeding to render dashboard [in C:\Users\Alphaclin\Documents\SistemaDistribuidor\routes\admin_public.py:656]
2025-11-07 16:56:37,059 INFO: Stats: {'company_settings': 1, 'public_content': 1, 'media_files': 1, 'content_versions': 1, 'recent_audit': [<AuditLog 2>, <AuditLog 1>]} [in C:\Users\Alphaclin\Documents\SistemaDistribuidor\routes\admin_public.py:667]
2025-11-07 16:56:37,066 INFO: Content stats: {'hero': 1, 'features': 0, 'about': 0, 'contact': 0, 'footer': 0} [in C:\Users\Alphaclin\Documents\SistemaDistribuidor\routes\admin_public.py:677]
2025-11-07 16:56:37,067 INFO: Rendering admin_public/dashboard/index.html [in C:\Users\Alphaclin\Documents\SistemaDistribuidor\routes\admin_public.py:679]
2025-11-07 16:58:19,270 INFO: User 1 (admin@distribuidor.com) accessing admin dashboard [in C:\Users\Alphaclin\Documents\SistemaDistribuidor\routes\admin_public.py:648]
2025-11-07 16:58:19,270 INFO: User role: admin [in C:\Users\Alphaclin\Documents\SistemaDistribuidor\routes\admin_public.py:649]
2025-11-07 16:58:19,271 INFO: User authorized, proceeding to render dashboard [in C:\Users\Alphaclin\Documents\SistemaDistribuidor\routes\admin_public.py:656]
2025-11-07 16:58:19,277 INFO: Stats: {'company_settings': 1, 'public_content': 1, 'media_files': 1, 'content_versions': 1, 'recent_audit': [<AuditLog 2>, <AuditLog 1>]} [in C:\Users\Alphaclin\Documents\SistemaDistribuidor\routes\admin_public.py:667]
2025-11-07 16:58:19,282 INFO: Content stats: {'hero': 1, 'features': 0, 'about': 0, 'contact': 0, 'footer': 0} [in C:\Users\Alphaclin\Documents\SistemaDistribuidor\routes\admin_public.py:677]
2025-11-07 16:58:19,282 INFO: Rendering admin_public/dashboard/index.html [in C:\Users\Alphaclin\Documents\SistemaDistribuidor\routes\admin_public.py:679]
2025-11-07 16:58:23,699 INFO: User 1 (admin@distribuidor.com) accessing admin dashboard [in C:\Users\Alphaclin\Documents\SistemaDistribuidor\routes\admin_public.py:648]
2025-11-07 16:58:23,699 INFO: User role: admin [in C:\Users\Alphaclin\Documents\SistemaDistribuidor\routes\admin_public.py:649]
2025-11-07 16:58:23,699 INFO: User authorized, proceeding to render dashboard [in C:\Users\Alphaclin\Documents\SistemaDistribuidor\routes\admin_public.py:656]
2025-11-07 16:58:23,707 INFO: Stats: {'company_settings': 1, 'public_content': 1, 'media_files': 1, 'content_versions': 1, 'recent_audit': [<AuditLog 2>, <AuditLog 1>]} [in C:\Users\Alphaclin\Documents\SistemaDistribuidor\routes\admin_public.py:667]
2025-11-07 16:58:23,715 INFO: Content stats: {'hero': 1, 'features': 0, 'about': 0, 'contact': 0, 'footer': 0} [in C:\Users\Alphaclin\Documents\SistemaDistribuidor\routes\admin_public.py:677]
2025-11-07 16:58:23,716 INFO: Rendering admin_public/dashboard/index.html [in C:\Users\Alphaclin\Documents\SistemaDistribuidor\routes\admin_public.py:679]
2025-11-07 17:00:01,106 INFO: User 1 (admin@distribuidor.com) accessing admin dashboard [in C:\Users\Alphaclin\Documents\SistemaDistribuidor\routes\admin_public.py:648]
2025-11-07 17:00:01,106 INFO: User role: admin [in C:\Users\Alphaclin\Documents\SistemaDistribuidor\routes\admin_public.py:649]
2025-11-07 17:00:01,107 INFO: User authorized, proceeding to render dashboard [in C:\Users\Alphaclin\Documents\SistemaDistribuidor\routes\admin_public.py:656]
2025-11-07 17:00:01,115 INFO: Stats: {'company_settings': 1, 'public_content': 1, 'media_files': 1, 'content_versions': 1, 'recent_audit': [<AuditLog 2>, <AuditLog 1>]} [in C:\Users\Alphaclin\Documents\SistemaDistribuidor\routes\admin_public.py:667]
2025-11-07 17:00:01,120 INFO: Content stats: {'hero': 1, 'features': 0, 'about': 0, 'contact': 0, 'footer': 0} [in C:\Users\Alphaclin\Documents\SistemaDistribuidor\routes\admin_public.py:677]
2025-11-07 17:00:01,120 INFO: Rendering admin_public/dashboard/index.html [in C:\Users\Alphaclin\Documents\SistemaDistribuidor\routes\admin_public.py:679]
2025-11-07 17:00:07,604 INFO: User 1 (admin@distribuidor.com) accessing admin dashboard [in C:\Users\Alphaclin\Documents\SistemaDistribuidor\routes\admin_public.py:648]
2025-11-07 17:00:07,605 INFO: User role: admin [in C:\Users\Alphaclin\Documents\SistemaDistribuidor\routes\admin_public.py:649]
2025-11-07 17:00:07,605 INFO: User authorized, proceeding to render dashboard [in C:\Users\Alphaclin\Documents\SistemaDistribuidor\routes\admin_public.py:656]
2025-11-07 17:00:07,616 INFO: Stats: {'company_settings': 1, 'public_content': 1, 'media_files': 1, 'content_versions': 1, 'recent_audit': [<AuditLog 2>, <AuditLog 1>]} [in C:\Users\Alphaclin\Documents\SistemaDistribuidor\routes\admin_public.py:667]
2025-11-07 17:00:07,622 INFO: Content stats: {'hero': 1, 'features': 0, 'about': 0, 'contact': 0, 'footer': 0} [in C:\Users\Alphaclin\Documents\SistemaDistribuidor\routes\admin_public.py:677]
2025-11-07 17:00:07,622 INFO: Rendering admin_public/dashboard/index.html [in C:\Users\Alphaclin\Documents\SistemaDistribuidor\routes\admin_public.py:679]
2025-11-08 06:53:07,354 INFO: Sistema Distribuidor iniciado [in C:\Users\Alphaclin\Documents\SistemaDistribuidor\services\logging_service.py:42]
2025-11-08 06:53:10,049 INFO: Sistema Distribuidor iniciado [in C:\Users\Alphaclin\Documents\SistemaDistribuidor\services\logging_service.py:42]
2025-11-08 06:54:15,210 INFO: User 1 (admin@distribuidor.com) accessing admin dashboard [in C:\Users\Alphaclin\Documents\SistemaDistribuidor\routes\admin_public.py:648]
2025-11-08 06:54:15,211 INFO: User role: admin [in C:\Users\Alphaclin\Documents\SistemaDistribuidor\routes\admin_public.py:649]
2025-11-08 06:54:15,213 INFO: User authorized, proceeding to render dashboard [in C:\Users\Alphaclin\Documents\SistemaDistribuidor\routes\admin_public.py:656]
2025-11-08 06:54:15,241 INFO: Stats: {'company_settings': 1, 'public_content': 1, 'media_files': 1, 'content_versions': 1, 'recent_audit': [<AuditLog 2>, <AuditLog 1>]} [in C:\Users\Alphaclin\Documents\SistemaDistribuidor\routes\admin_public.py:667]
2025-11-08 06:54:15,251 INFO: Content stats: {'hero': 1, 'features': 0, 'about': 0, 'contact': 0, 'footer': 0} [in C:\Users\Alphaclin\Documents\SistemaDistribuidor\routes\admin_public.py:677]
2025-11-08 06:54:15,251 INFO: Rendering admin_public/dashboard/index.html [in C:\Users\Alphaclin\Documents\SistemaDistribuidor\routes\admin_public.py:679]
2025-11-08 06:55:02,181 INFO: User 1 (admin@distribuidor.com) accessing admin dashboard [in C:\Users\Alphaclin\Documents\SistemaDistribuidor\routes\admin_public.py:648]
2025-11-08 06:55:02,182 INFO: User role: admin [in C:\Users\Alphaclin\Documents\SistemaDistribuidor\routes\admin_public.py:649]
2025-11-08 06:55:02,184 INFO: User authorized, proceeding to render dashboard [in C:\Users\Alphaclin\Documents\SistemaDistribuidor\routes\admin_public.py:656]
2025-11-08 06:55:02,190 INFO: Stats: {'company_settings': 1, 'public_content': 1, 'media_files': 1, 'content_versions': 1, 'recent_audit': [<AuditLog 2>, <AuditLog 1>]} [in C:\Users\Alphaclin\Documents\SistemaDistribuidor\routes\admin_public.py:667]
2025-11-08 06:55:02,194 INFO: Content stats: {'hero': 1, 'features': 0, 'about': 0, 'contact': 0, 'footer': 0} [in C:\Users\Alphaclin\Documents\SistemaDistribuidor\routes\admin_public.py:677]
2025-11-08 06:55:02,195 INFO: Rendering admin_public/dashboard/index.html [in C:\Users\Alphaclin\Documents\SistemaDistribuidor\routes\admin_public.py:679]
2025-11-08 06:55:05,612 INFO: User 1 (admin@distribuidor.com) accessing admin dashboard [in C:\Users\Alphaclin\Documents\SistemaDistribuidor\routes\admin_public.py:648]
2025-11-08 06:55:05,613 INFO: User role: admin [in C:\Users\Alphaclin\Documents\SistemaDistribuidor\routes\admin_public.py:649]
2025-11-08 06:55:05,613 INFO: User authorized, proceeding to render dashboard [in C:\Users\Alphaclin\Documents\SistemaDistribuidor\routes\admin_public.py:656]
2025-11-08 06:55:05,621 INFO: Stats: {'company_settings': 1, 'public_content': 1, 'media_files': 1, 'content_versions': 1, 'recent_audit': [<AuditLog 2>, <AuditLog 1>]} [in C:\Users\Alphaclin\Documents\SistemaDistribuidor\routes\admin_public.py:667]
2025-11-08 06:55:05,628 INFO: Content stats: {'hero': 1, 'features': 0, 'about': 0, 'contact': 0, 'footer': 0} [in C:\Users\Alphaclin\Documents\SistemaDistribuidor\routes\admin_public.py:677]
2025-11-08 06:55:05,628 INFO: Rendering admin_public/dashboard/index.html [in C:\Users\Alphaclin\Documents\SistemaDistribuidor\routes\admin_public.py:679]
2025-11-08 06:59:18,749 INFO: User 1 (admin@distribuidor.com) accessing admin dashboard [in C:\Users\Alphaclin\Documents\SistemaDistribuidor\routes\admin_public.py:648]
2025-11-08 06:59:18,750 INFO: User role: admin [in C:\Users\Alphaclin\Documents\SistemaDistribuidor\routes\admin_public.py:649]
2025-11-08 06:59:18,750 INFO: User authorized, proceeding to render dashboard [in C:\Users\Alphaclin\Documents\SistemaDistribuidor\routes\admin_public.py:656]
2025-11-08 06:59:18,759 INFO: Stats: {'company_settings': 1, 'public_content': 1, 'media_files': 1, 'content_versions': 2, 'recent_audit': [<AuditLog 3>, <AuditLog 2>, <AuditLog 1>]} [in C:\Users\Alphaclin\Documents\SistemaDistribuidor\routes\admin_public.py:667]
2025-11-08 06:59:18,766 INFO: Content stats: {'hero': 1, 'features': 0, 'about': 0, 'contact': 0, 'footer': 0} [in C:\Users\Alphaclin\Documents\SistemaDistribuidor\routes\admin_public.py:677]
2025-11-08 06:59:18,766 INFO: Rendering admin_public/dashboard/index.html [in C:\Users\Alphaclin\Documents\SistemaDistribuidor\routes\admin_public.py:679]
2025-11-08 07:03:11,889 INFO: Sistema Distribuidor iniciado [in C:\Users\Alphaclin\Documents\SistemaDistribuidor\services\logging_service.py:42]
2025-11-08 07:03:20,426 INFO: Sistema Distribuidor iniciado [in C:\Users\Alphaclin\Documents\SistemaDistribuidor\services\logging_service.py:42]
2025-11-08 07:07:19,223 INFO: Sistema Distribuidor iniciado [in C:\Users\Alphaclin\Documents\SistemaDistribuidor\services\logging_service.py:42]
2025-11-08 07:10:08,785 INFO: Sistema Distribuidor iniciado [in C:\Users\Alphaclin\Documents\SistemaDistribuidor\services\logging_service.py:42]
2025-11-08 07:10:50,345 INFO: Sistema Distribuidor iniciado [in C:\Users\Alphaclin\Documents\SistemaDistribuidor\services\logging_service.py:42]
2025-11-08 07:10:52,233 INFO: Sistema Distribuidor iniciado [in C:\Users\Alphaclin\Documents\SistemaDistribuidor\services\logging_service.py:42]
2025-11-08 07:11:26,765 INFO: User 1 (admin@distribuidor.com) accessing admin dashboard [in C:\Users\Alphaclin\Documents\SistemaDistribuidor\routes\admin_public.py:659]
2025-11-08 07:11:26,766 INFO: User role: admin [in C:\Users\Alphaclin\Documents\SistemaDistribuidor\routes\admin_public.py:660]
2025-11-08 07:11:26,767 INFO: User authorized, proceeding to render dashboard [in C:\Users\Alphaclin\Documents\SistemaDistribuidor\routes\admin_public.py:667]
2025-11-08 07:11:26,783 INFO: Stats: {'company_settings': 1, 'public_content': 1, 'media_files': 1, 'content_versions': 2, 'recent_audit': [<AuditLog 3>, <AuditLog 2>, <AuditLog 1>]} [in C:\Users\Alphaclin\Documents\SistemaDistribuidor\routes\admin_public.py:678]
2025-11-08 07:11:26,799 INFO: Content stats: {'hero': 1, 'features': 0, 'about': 0, 'contact': 0, 'footer': 0} [in C:\Users\Alphaclin\Documents\SistemaDistribuidor\routes\admin_public.py:688]
2025-11-08 07:11:26,800 INFO: Rendering admin_public/dashboard/index.html [in C:\Users\Alphaclin\Documents\SistemaDistribuidor\routes\admin_public.py:690]
2025-11-08 07:13:45,864 INFO: Sistema Distribuidor iniciado [in C:\Users\Alphaclin\Documents\SistemaDistribuidor\services\logging_service.py:42]
2025-11-08 07:16:16,895 INFO: Sistema Distribuidor iniciado [in c:\Users\Alphaclin\Documents\SistemaDistribuidor\services\logging_service.py:42]
2025-11-08 07:23:17,098 INFO: Sistema Distribuidor iniciado [in C:\Users\Alphaclin\Documents\SistemaDistribuidor\services\logging_service.py:42]
2025-11-08 07:23:19,018 INFO: Sistema Distribuidor iniciado [in C:\Users\Alphaclin\Documents\SistemaDistribuidor\services\logging_service.py:42]
2025-11-08 07:23:36,949 INFO: User 1 (admin@distribuidor.com) accessing admin dashboard [in C:\Users\Alphaclin\Documents\SistemaDistribuidor\routes\admin_public.py:659]
2025-11-08 07:23:36,949 INFO: User role: admin [in C:\Users\Alphaclin\Documents\SistemaDistribuidor\routes\admin_public.py:660]
2025-11-08 07:23:36,952 INFO: User authorized, proceeding to render dashboard [in C:\Users\Alphaclin\Documents\SistemaDistribuidor\routes\admin_public.py:667]
2025-11-08 07:23:36,967 INFO: Stats: {'company_settings': 1, 'public_content': 1, 'media_files': 1, 'content_versions': 2, 'recent_audit': [<AuditLog 3>, <AuditLog 2>, <AuditLog 1>]} [in C:\Users\Alphaclin\Documents\SistemaDistribuidor\routes\admin_public.py:678]
2025-11-08 07:23:36,975 INFO: Content stats: {'hero': 1, 'features': 0, 'about': 0, 'contact': 0, 'footer': 0} [in C:\Users\Alphaclin\Documents\SistemaDistribuidor\routes\admin_public.py:688]
2025-11-08 07:23:36,976 INFO: Rendering admin_public/dashboard/index.html [in C:\Users\Alphaclin\Documents\SistemaDistribuidor\routes\admin_public.py:690]
2025-11-08 07:23:56,532 INFO: User 1 (admin@distribuidor.com) accessing admin dashboard [in C:\Users\Alphaclin\Documents\SistemaDistribuidor\routes\admin_public.py:659]
2025-11-08 07:23:56,532 INFO: User role: admin [in C:\Users\Alphaclin\Documents\SistemaDistribuidor\routes\admin_public.py:660]
2025-11-08 07:23:56,533 INFO: User authorized, proceeding to render dashboard [in C:\Users\Alphaclin\Documents\SistemaDistribuidor\routes\admin_public.py:667]
2025-11-08 07:23:56,541 INFO: Stats: {'company_settings': 1, 'public_content': 1, 'media_files': 1, 'content_versions': 2, 'recent_audit': [<AuditLog 3>, <AuditLog 2>, <AuditLog 1>]} [in C:\Users\Alphaclin\Documents\SistemaDistribuidor\routes\admin_public.py:678]
2025-11-08 07:23:56,546 INFO: Content stats: {'hero': 1, 'features': 0, 'about': 0, 'contact': 0, 'footer': 0} [in C:\Users\Alphaclin\Documents\SistemaDistribuidor\routes\admin_public.py:688]
2025-11-08 07:23:56,547 INFO: Rendering admin_public/dashboard/index.html [in C:\Users\Alphaclin\Documents\SistemaDistribuidor\routes\admin_public.py:690]
2025-11-08 07:31:00,470 INFO: User 1 (admin@distribuidor.com) accessing admin dashboard [in C:\Users\Alphaclin\Documents\SistemaDistribuidor\routes\admin_public.py:659]
2025-11-08 07:31:00,471 INFO: User role: admin [in C:\Users\Alphaclin\Documents\SistemaDistribuidor\routes\admin_public.py:660]
2025-11-08 07:31:00,471 INFO: User authorized, proceeding to render dashboard [in C:\Users\Alphaclin\Documents\SistemaDistribuidor\routes\admin_public.py:667]
2025-11-08 07:31:00,481 INFO: Stats: {'company_settings': 1, 'public_content': 1, 'media_files': 1, 'content_versions': 2, 'recent_audit': [<AuditLog 3>, <AuditLog 2>, <AuditLog 1>]} [in C:\Users\Alphaclin\Documents\SistemaDistribuidor\routes\admin_public.py:678]
2025-11-08 07:31:00,487 INFO: Content stats: {'hero': 1, 'features': 0, 'about': 0, 'contact': 0, 'footer': 0} [in C:\Users\Alphaclin\Documents\SistemaDistribuidor\routes\admin_public.py:688]
2025-11-08 07:31:00,487 INFO: Rendering admin_public/dashboard/index.html [in C:\Users\Alphaclin\Documents\SistemaDistribuidor\routes\admin_public.py:690]
2025-11-08 07:31:48,423 INFO: Sistema Distribuidor iniciado [in C:\Users\Alphaclin\Documents\SistemaDistribuidor\services\logging_service.py:42]
2025-11-08 07:32:23,458 INFO: Sistema Distribuidor iniciado [in C:\Users\Alphaclin\Documents\SistemaDistribuidor\services\logging_service.py:42]
2025-11-08 07:32:42,992 INFO: User 1 (admin@distribuidor.com) accessing admin dashboard [in C:\Users\Alphaclin\Documents\SistemaDistribuidor\routes\admin_public.py:695]
2025-11-08 07:32:42,994 INFO: User role: admin [in C:\Users\Alphaclin\Documents\SistemaDistribuidor\routes\admin_public.py:696]
2025-11-08 07:32:42,995 INFO: User authorized, proceeding to render dashboard [in C:\Users\Alphaclin\Documents\SistemaDistribuidor\routes\admin_public.py:703]
2025-11-08 07:32:43,075 INFO: Stats: {'company_settings': 1, 'public_content': 1, 'media_files': 1, 'content_versions': 2, 'recent_audit': [<AuditLog 3>, <AuditLog 2>, <AuditLog 1>]} [in C:\Users\Alphaclin\Documents\SistemaDistribuidor\routes\admin_public.py:714]
2025-11-08 07:32:43,085 INFO: Content stats: {'hero': 1, 'features': 0, 'about': 0, 'contact': 0, 'footer': 0} [in C:\Users\Alphaclin\Documents\SistemaDistribuidor\routes\admin_public.py:724]
2025-11-08 07:32:43,085 INFO: Rendering admin_public/dashboard/index.html [in C:\Users\Alphaclin\Documents\SistemaDistribuidor\routes\admin_public.py:726]
2025-11-08 07:34:10,648 INFO: User 1 (admin@distribuidor.com) accessing admin dashboard [in C:\Users\Alphaclin\Documents\SistemaDistribuidor\routes\admin_public.py:695]
2025-11-08 07:34:10,648 INFO: User role: admin [in C:\Users\Alphaclin\Documents\SistemaDistribuidor\routes\admin_public.py:696]
2025-11-08 07:34:10,649 INFO: User authorized, proceeding to render dashboard [in C:\Users\Alphaclin\Documents\SistemaDistribuidor\routes\admin_public.py:703]
2025-11-08 07:34:10,653 INFO: Stats: {'company_settings': 1, 'public_content': 1, 'media_files': 1, 'content_versions': 2, 'recent_audit': [<AuditLog 3>, <AuditLog 2>, <AuditLog 1>]} [in C:\Users\Alphaclin\Documents\SistemaDistribuidor\routes\admin_public.py:714]
2025-11-08 07:34:10,660 INFO: Content stats: {'hero': 1, 'features': 0, 'about': 0, 'contact': 0, 'footer': 0} [in C:\Users\Alphaclin\Documents\SistemaDistribuidor\routes\admin_public.py:724]
2025-11-08 07:34:10,661 INFO: Rendering admin_public/dashboard/index.html [in C:\Users\Alphaclin\Documents\SistemaDistribuidor\routes\admin_public.py:726]
2025-11-08 07:34:48,485 INFO: Sistema Distribuidor iniciado [in C:\Users\Alphaclin\Documents\SistemaDistribuidor\services\logging_service.py:42]
2025-11-08 07:34:53,021 INFO: Sistema Distribuidor iniciado [in C:\Users\Alphaclin\Documents\SistemaDistribuidor\services\logging_service.py:42]
2025-11-08 07:35:03,773 INFO: Sistema Distribuidor iniciado [in C:\Users\Alphaclin\Documents\SistemaDistribuidor\services\logging_service.py:42]
2025-11-08 07:35:07,127 INFO: Sistema Distribuidor iniciado [in C:\Users\Alphaclin\Documents\SistemaDistribuidor\services\logging_service.py:42]
2025-11-08 07:36:09,533 INFO: Sistema Distribuidor iniciado [in C:\Users\Alphaclin\Documents\SistemaDistribuidor\services\logging_service.py:42]
2025-11-08 07:36:26,498 INFO: Sistema Distribuidor iniciado [in C:\Users\Alphaclin\Documents\SistemaDistribuidor\services\logging_service.py:42]
2025-11-08 07:37:42,718 INFO: Sistema Distribuidor iniciado [in C:\Users\Alphaclin\Documents\SistemaDistribuidor\services\logging_service.py:42]
2025-11-08 07:37:52,656 INFO: Sistema Distribuidor iniciado [in C:\Users\Alphaclin\Documents\SistemaDistribuidor\services\logging_service.py:42]
2025-11-08 07:37:56,050 INFO: Sistema Distribuidor iniciado [in C:\Users\Alphaclin\Documents\SistemaDistribuidor\services\logging_service.py:42]
2025-11-08 07:39:13,202 INFO: User 1 (admin@distribuidor.com) accessing admin dashboard [in C:\Users\Alphaclin\Documents\SistemaDistribuidor\routes\admin_public.py:790]
2025-11-08 07:39:13,202 INFO: User role: admin [in C:\Users\Alphaclin\Documents\SistemaDistribuidor\routes\admin_public.py:791]
2025-11-08 07:39:13,204 INFO: User authorized, proceeding to render dashboard [in C:\Users\Alphaclin\Documents\SistemaDistribuidor\routes\admin_public.py:798]
2025-11-08 07:39:13,284 INFO: Stats: {'company_settings': 1, 'public_content': 1, 'media_files': 1, 'content_versions': 2, 'recent_audit': [<AuditLog 3>, <AuditLog 2>, <AuditLog 1>]} [in C:\Users\Alphaclin\Documents\SistemaDistribuidor\routes\admin_public.py:809]
2025-11-08 07:39:13,291 INFO: Content stats: {'hero': 1, 'features': 0, 'about': 0, 'contact': 0, 'footer': 0} [in C:\Users\Alphaclin\Documents\SistemaDistribuidor\routes\admin_public.py:819]
2025-11-08 07:39:13,292 INFO: Rendering admin_public/dashboard/index.html [in C:\Users\Alphaclin\Documents\SistemaDistribuidor\routes\admin_public.py:821]
2025-11-08 08:28:18,715 INFO: User 1 (admin@distribuidor.com) accessing admin dashboard [in C:\Users\Alphaclin\Documents\SistemaDistribuidor\routes\admin_public.py:790]
2025-11-08 08:28:18,716 INFO: User role: admin [in C:\Users\Alphaclin\Documents\SistemaDistribuidor\routes\admin_public.py:791]
2025-11-08 08:28:18,716 INFO: User authorized, proceeding to render dashboard [in C:\Users\Alphaclin\Documents\SistemaDistribuidor\routes\admin_public.py:798]
2025-11-08 08:28:18,725 INFO: Stats: {'company_settings': 1, 'public_content': 1, 'media_files': 1, 'content_versions': 2, 'recent_audit': [<AuditLog 3>, <AuditLog 2>, <AuditLog 1>]} [in C:\Users\Alphaclin\Documents\SistemaDistribuidor\routes\admin_public.py:809]
2025-11-08 08:28:18,729 INFO: Content stats: {'hero': 1, 'features': 0, 'about': 0, 'contact': 0, 'footer': 0} [in C:\Users\Alphaclin\Documents\SistemaDistribuidor\routes\admin_public.py:819]
2025-11-08 08:28:18,729 INFO: Rendering admin_public/dashboard/index.html [in C:\Users\Alphaclin\Documents\SistemaDistribuidor\routes\admin_public.py:821]
2025-11-08 08:29:17,219 INFO: User 1 (admin@distribuidor.com) accessing admin dashboard [in C:\Users\Alphaclin\Documents\SistemaDistribuidor\routes\admin_public.py:790]
2025-11-08 08:29:17,219 INFO: User role: admin [in C:\Users\Alphaclin\Documents\SistemaDistribuidor\routes\admin_public.py:791]
2025-11-08 08:29:17,219 INFO: User authorized, proceeding to render dashboard [in C:\Users\Alphaclin\Documents\SistemaDistribuidor\routes\admin_public.py:798]
2025-11-08 08:29:17,229 INFO: Stats: {'company_settings': 1, 'public_content': 1, 'media_files': 1, 'content_versions': 2, 'recent_audit': [<AuditLog 3>, <AuditLog 2>, <AuditLog 1>]} [in C:\Users\Alphaclin\Documents\SistemaDistribuidor\routes\admin_public.py:809]
2025-11-08 08:29:17,232 INFO: Content stats: {'hero': 1, 'features': 0, 'about': 0, 'contact': 0, 'footer': 0} [in C:\Users\Alphaclin\Documents\SistemaDistribuidor\routes\admin_public.py:819]
2025-11-08 08:29:17,233 INFO: Rendering admin_public/dashboard/index.html [in C:\Users\Alphaclin\Documents\SistemaDistribuidor\routes\admin_public.py:821]
2025-11-08 08:29:27,224 INFO: User 1 (admin@distribuidor.com) accessing admin dashboard [in C:\Users\Alphaclin\Documents\SistemaDistribuidor\routes\admin_public.py:790]
2025-11-08 08:29:27,224 INFO: User role: admin [in C:\Users\Alphaclin\Documents\SistemaDistribuidor\routes\admin_public.py:791]
2025-11-08 08:29:27,224 INFO: User authorized, proceeding to render dashboard [in C:\Users\Alphaclin\Documents\SistemaDistribuidor\routes\admin_public.py:798]
2025-11-08 08:29:27,234 INFO: Stats: {'company_settings': 1, 'public_content': 1, 'media_files': 1, 'content_versions': 2, 'recent_audit': [<AuditLog 3>, <AuditLog 2>, <AuditLog 1>]} [in C:\Users\Alphaclin\Documents\SistemaDistribuidor\routes\admin_public.py:809]
2025-11-08 08:29:27,243 INFO: Content stats: {'hero': 1, 'features': 0, 'about': 0, 'contact': 0, 'footer': 0} [in C:\Users\Alphaclin\Documents\SistemaDistribuidor\routes\admin_public.py:819]
2025-11-08 08:29:27,243 INFO: Rendering admin_public/dashboard/index.html [in C:\Users\Alphaclin\Documents\SistemaDistribuidor\routes\admin_public.py:821]
2025-11-08 08:44:33,988 INFO: User 1 (admin@distribuidor.com) accessing admin dashboard [in C:\Users\Alphaclin\Documents\SistemaDistribuidor\routes\admin_public.py:790]
2025-11-08 08:44:33,988 INFO: User role: admin [in C:\Users\Alphaclin\Documents\SistemaDistribuidor\routes\admin_public.py:791]
2025-11-08 08:44:33,989 INFO: User authorized, proceeding to render dashboard [in C:\Users\Alphaclin\Documents\SistemaDistribuidor\routes\admin_public.py:798]
2025-11-08 08:44:33,997 INFO: Stats: {'company_settings': 1, 'public_content': 1, 'media_files': 1, 'content_versions': 2, 'recent_audit': [<AuditLog 3>, <AuditLog 2>, <AuditLog 1>]} [in C:\Users\Alphaclin\Documents\SistemaDistribuidor\routes\admin_public.py:809]
2025-11-08 08:44:34,003 INFO: Content stats: {'hero': 1, 'features': 0, 'about': 0, 'contact': 0, 'footer': 0} [in C:\Users\Alphaclin\Documents\SistemaDistribuidor\routes\admin_public.py:819]
2025-11-08 08:44:34,004 INFO: Rendering admin_public/dashboard/index.html [in C:\Users\Alphaclin\Documents\SistemaDistribuidor\routes\admin_public.py:821]
2025-11-08 08:51:31,022 INFO: User 1 (admin@distribuidor.com) accessing admin dashboard [in C:\Users\Alphaclin\Documents\SistemaDistribuidor\routes\admin_public.py:790]
2025-11-08 08:51:31,023 INFO: User role: admin [in C:\Users\Alphaclin\Documents\SistemaDistribuidor\routes\admin_public.py:791]
2025-11-08 08:51:31,024 INFO: User authorized, proceeding to render dashboard [in C:\Users\Alphaclin\Documents\SistemaDistribuidor\routes\admin_public.py:798]
2025-11-08 08:51:31,032 INFO: Stats: {'company_settings': 1, 'public_content': 1, 'media_files': 1, 'content_versions': 2, 'recent_audit': [<AuditLog 3>, <AuditLog 2>, <AuditLog 1>]} [in C:\Users\Alphaclin\Documents\SistemaDistribuidor\routes\admin_public.py:809]
2025-11-08 08:51:31,036 INFO: Content stats: {'hero': 1, 'features': 0, 'about': 0, 'contact': 0, 'footer': 0} [in C:\Users\Alphaclin\Documents\SistemaDistribuidor\routes\admin_public.py:819]
2025-11-08 08:51:31,037 INFO: Rendering admin_public/dashboard/index.html [in C:\Users\Alphaclin\Documents\SistemaDistribuidor\routes\admin_public.py:821]
2025-11-08 08:51:52,781 INFO: User 1 (admin@distribuidor.com) accessing admin dashboard [in C:\Users\Alphaclin\Documents\SistemaDistribuidor\routes\admin_public.py:790]
2025-11-08 08:51:52,784 INFO: User role: admin [in C:\Users\Alphaclin\Documents\SistemaDistribuidor\routes\admin_public.py:791]
2025-11-08 08:51:52,785 INFO: User authorized, proceeding to render dashboard [in C:\Users\Alphaclin\Documents\SistemaDistribuidor\routes\admin_public.py:798]
2025-11-08 08:51:52,792 INFO: Stats: {'company_settings': 1, 'public_content': 1, 'media_files': 1, 'content_versions': 2, 'recent_audit': [<AuditLog 3>, <AuditLog 2>, <AuditLog 1>]} [in C:\Users\Alphaclin\Documents\SistemaDistribuidor\routes\admin_public.py:809]
2025-11-08 08:51:52,797 INFO: Content stats: {'hero': 1, 'features': 0, 'about': 0, 'contact': 0, 'footer': 0} [in C:\Users\Alphaclin\Documents\SistemaDistribuidor\routes\admin_public.py:819]
2025-11-08 08:51:52,798 INFO: Rendering admin_public/dashboard/index.html [in C:\Users\Alphaclin\Documents\SistemaDistribuidor\routes\admin_public.py:821]
2025-11-08 09:26:37,061 INFO: Sistema Distribuidor iniciado [in C:\Users\Alphaclin\Documents\SistemaDistribuidor\services\logging_service.py:42]
2025-11-08 10:27:21,691 INFO: Sistema Distribuidor iniciado [in C:\Users\Alphaclin\Documents\SistemaDistribuidor\services\logging_service.py:42]
2025-11-08 10:27:23,594 INFO: Sistema Distribuidor iniciado [in C:\Users\Alphaclin\Documents\SistemaDistribuidor\services\logging_service.py:42]
2025-11-08 10:27:23,594 INFO: Sistema Distribuidor iniciado [in C:\Users\Alphaclin\Documents\SistemaDistribuidor\services\logging_service.py:42]
2025-11-08 10:38:07,781 INFO: Sistema Distribuidor iniciado [in C:\Users\Alphaclin\Documents\SistemaDistribuidor\services\logging_service.py:42]
2025-11-08 10:38:09,505 INFO: Sistema Distribuidor iniciado [in C:\Users\Alphaclin\Documents\SistemaDistribuidor\services\logging_service.py:42]
2025-11-08 10:38:09,505 INFO: Sistema Distribuidor iniciado [in C:\Users\Alphaclin\Documents\SistemaDistribuidor\services\logging_service.py:42]
2025-11-08 10:44:26,924 INFO: Sistema Distribuidor iniciado [in C:\Users\Alphaclin\Documents\SistemaDistribuidor\services\logging_service.py:42]
2025-11-08 10:44:28,997 INFO: Sistema Distribuidor iniciado [in C:\Users\Alphaclin\Documents\SistemaDistribuidor\services\logging_service.py:42]
2025-11-08 11:05:03,302 INFO: Sistema Distribuidor iniciado [in C:\Users\Alphaclin\Documents\SistemaDistribuidor\services\logging_service.py:42]
2025-11-08 11:05:05,662 INFO: Sistema Distribuidor iniciado [in C:\Users\Alphaclin\Documents\SistemaDistribuidor\services\logging_service.py:42]
